Word,Part of Speech
வேசரதேசத்தில்,NOUN
கருநீல,NOUN
நீரோடும்,ADJ
கிருஷ்ணை,NOUN
நதிக்கரையில்,NOUN
புஷ்கரவனத்தில்,NOUN
நாகர்குலத்,NOUN
தலைவியான,ADJ
மானசாதேவி,NOUN
அந்தியில்,NOUN
குடில்,NOUN
முன்பு,ADV
மண்,NOUN
அகலை,NOUN
ஏற்றிவைத்து,_
தனக்கு,NOUN
ஜரத்காரு,NOUN
ரிஷியில்,NOUN
பிறந்த,ADJ
ஒரே,ADJ
மகன்,NOUN
ஆஸ்திகனை,NOUN
மடியில்,NOUN
அமரச்செய்து,_
கதை,NOUN
சொல்ல,VERB
ஆரம்பித்தாள்,VERB
நாகர்குலத்தவர்,NOUN
வாழும்,ADJ
சின்னஞ்சிறு,NOUN
மலைக்கிராமத்தை,NOUN
சுற்றிலுமிருந்த,ADJ
காட்டிலிருந்து,_
வந்த,ADJ
கடும்குளிர்,NOUN
வளைத்துக்கொள்ள,NOUN
ஆரம்பித்திருந்த,VERB
நேரம்,VERB
இரவுலாவிகளான,ADJ
மிருகங்களும்,ADJ
பறவைகளும்,ADJ
எழுப்பும்,ADJ
ஒலிகள்,NOUN
இணைந்து,_
இருட்டை,VERB
நிறைத்திருந்தன,VERB
பெரிய,ADJ
கண்கள்,NOUN
கொண்ட,ADP
சிறுவன்,NOUN
தன்,NOUN
அன்னையின்,NOUN
மடியின்,NOUN
அணைப்பையும்,ADJ
தன்,NOUN
தலைமேல்,NOUN
படும்,ADJ
அவள்,NOUN
மூச்சின்,NOUN
வருடலையும்,ADJ
உணர்ந்தபடி,NOUN
முற்றம்,NOUN
வரை,ADP
சென்று,VERB
விழுந்து,_
அங்கு,ADV
நின்ற,ADJ
செண்பகத்தின்,NOUN
அடிமரத்தை,NOUN
தூண்போலக்,NOUN
காட்டிய,ADJ
அகல்விளக்கின்,NOUN
செவ்வொளிக்கு,NOUN
அப்பால்,NOUN
தெரிந்த,ADJ
இருட்டை,VERB
பார்த்துக்கொண்டிருந்தான்,VERB
மானசாதேவி,NOUN
இருளைப்பற்றித்தான்,PROPN
சொல்ல,VERB
ஆரம்பித்தாள்,VERB
இருள்,VERB
முதல்முடிவற்றது,VERB
தொடக்கத்தில்,NOUN
அதுமட்டும்தான்,VERB
இருந்தது,AUX
வானகங்கள்,NOUN
அனைத்தும்,PRON
அந்த,DET
இருளுக்குள்தான்,VERB
இருந்தன,AUX
அந்த,DET
இருள்,NOUN
ஒரு,ADJ
மாபெரும்,ADJ
நாகப்பாம்பின்,VERB
வடிவிலிருந்தது,VERB
கற்பனையும்,ADJ
கனவும்,PRON
ஊழ்கமும்,_
எட்டமுடியாத,ADJ
அளவுக்கு,NOUN
நீளம்கொண்ட,ADJ
அந்த,DET
நாகம்,VERB
கண்களற்றது,VERB
ஏனென்றால்,NOUN
அது,PRON
பார்ப்பதற்கென,NOUN
அதுவன்றி,VERB
ஏதுமிருக்கவில்லை,VERB
அது,PRON
தன்,NOUN
வாலை,NOUN
வாயால்,NOUN
கவ்வி,NOUN
விழுங்கி,NOUN
ஒரு,ADJ
பெரிய,ADJ
வளையமாக,ADV
ஆகி,NOUN
அங்கே,ADV
கிடந்தது,VERB
அந்த,DET
முதல்நாகத்துக்கு,NOUN
பெயர்,VERB
இருக்கவில்லை,VERB
ஏனென்றால்,NOUN
அதை,PRON
அழைக்க,VERB
எவரும்,VERB
இருக்கவில்லை,VERB
ஆகவே,NOUN
அது,PRON
தன்னை,NOUN
நா,ADV
அகம்,NOUN
என்று,PART
அழைத்துக்கொண்டது,VERB
நான்,PRON
இல்லை,AUX
என,PART
அதற்குப்பொருள்,VERB
அச்சொல்லின்,NOUN
ஒலிமரூவையே,NOUN
பிறர்,NOUN
நாகமென்று,VERB
கொண்டனர்,VERB
அதன்பிறகு,NOUN
அதன்,NOUN
அகத்தில்,NOUN
ஒரு,ADJ
விழைவு,VERB
பிறந்தது,VERB
அந்த,DET
விழைவு,NOUN
இரண்டு,NUM
கண்களாக,ADV
அதன்,NOUN
முகத்தில்,VERB
திறந்தது,VERB
அந்தக்,DET
கண்களில்,NOUN
ஒன்று,NUM
எரிந்து,_
சுடர்விடும்,ADJ
செந்நிறமான,ADJ
ஆதித்யனாகவும்,PRON
இன்னொன்று,NOUN
வெண்ணிற,ADJ
ஒளிவிடும்,ADJ
குளிர்ந்த,ADJ
சந்திரனாகவும்,VERB
இருந்தன,AUX
அந்த,DET
விழிகளால்,NOUN
அந்த,DET
நாகம்,NOUN
தன்னைத்தானே,VERB
பார்த்துக்கொண்டது,VERB
இது,PRON
நான்,PRON
என,PART
சொல்லிக்கொண்டது,VERB
இருக்கிறேன்,NOUN
என்று,PART
அறிந்தது,VERB
இனி,ADV
என்று,PART
கேட்டுக்கொண்டது,VERB
அந்தச்,DET
சொற்கள்,NOUN
அதனுள்,NOUN
அகங்காரமாக,ADV
மலர்ந்தபோது,ADV
அதன்,NOUN
தலையில்,NOUN
படம்,NOUN
விரிய,VERB
ஆரம்பித்தது,VERB
பின்பு,NOUN
பல்லாயிரம்,NOUN
கோடி,NUM
தலைகள்,NOUN
முளைத்தெழுந்து,VERB
படம்விரித்தன,VERB
அவற்றில்,NOUN
பலகோடி,NOUN
கண்கள்,VERB
முளைத்தன,VERB
அவையெல்லாம்,NOUN
ஆதித்யர்களும்,ADJ
சந்திரர்களுமாக,ADV
ஆகி,NOUN
இருளெங்கும்,ADJ
மின்ன,VERB
ஆரம்பித்தன,VERB
அந்தத்,DET
தலைகளில்,NOUN
இருந்து,ADP
நீண்டு,NOUN
பறந்த,ADJ
செந்நிறமான,ADJ
நாக்குகள்,VERB
தழல்களாயின,VERB
குழந்தை,NOUN
குளிர்கொண்டவன்,NOUN
போல,ADP
தன்,NOUN
உடலைச்,NOUN
சுருக்கி,NOUN
கைகளை,NOUN
காலிடுக்கில்,VERB
செருகிக்கொண்டான்,VERB
அவன்,NOUN
அன்னை,NOUN
அவனுடைய,NOUN
மென்மயிர்பரவிய,ADJ
தலையை,NOUN
தன்,NOUN
கைகளால்,NOUN
வருடிக்கொண்டு,NOUN
சொல்ல,VERB
ஆரம்பித்தாள்,VERB
அந்த,DET
முதல்நாகத்தின்,NOUN
உடல்,NOUN
என்றென்றும்,ADJ
அசைவே,NOUN
இல்லாமல்தான்,VERB
கிடந்தது,VERB
ஏனென்றால்,NOUN
வானத்திலிருந்த,ADJ
இடத்தை,NOUN
முழுக்க,VERB
அதுதான்,VERB
நிறைத்திருந்தது,VERB
பலகோடி,NOUN
யுகங்களுக்குப்பின்னால்,NOUN
அது,PRON
தனக்குள்ளேயே,NOUN
முதல்,ADJ
அசைவை,VERB
நிகழ்த்திக்கொண்டது,VERB
அதற்காக,ADV
தன்னை,NOUN
அது,PRON
இரண்டாக,VERB
பிரித்துக்கொண்டது,VERB
தன்னுடைய,NOUN
உடலின்,NOUN
மேல்பகுதியை,NOUN
கருமையாகவும்,PRON
கீழ்ப்பகுதியை,NOUN
வெண்மையாகவும்,VERB
ஆக்கியது,VERB
முடிவில்லாமல்,VERB
சுருண்டு,NOUN
கிடந்த,ADJ
தன்,NOUN
உடலுக்குள்ளே,NOUN
அது,PRON
ஊர்ந்துகொள்ள,VERB
ஆரம்பித்தது,VERB
கருமை,NOUN
விசை,NOUN
மிக்கதாக,_
இருந்தது,AUX
அதை,PRON
ராஜஸ,NOUN
குணம்,NOUN
என்று,PART
அது,PRON
அறிந்தது,VERB
வெண்மை,NOUN
சீரானதாக,_
இருந்தது,AUX
அதை,PRON
சத்வகுணம்,NOUN
என்று,PART
அது,PRON
அறிந்தது,VERB
மீண்டும்,ADJ
கோடானுகோடி,NOUN
ஆண்டுகளானபோது,ADV
அந்த,DET
இரு,NUM
குணங்களும்,ADJ
நாகத்திலிருந்து,_
தோலாக,ADV
உரிந்து,_
தனியாகப்,VERB
பிரிந்தன,VERB
முதல்நாகம்,NOUN
அவற்றை,PRON
தன்,NOUN
குழந்தைகள்,NOUN
என,PART
அறிந்தது,VERB
அவற்றை,PRON
அது,PRON
நீங்கள்,PRON
வளருங்கள்,VERB
உங்கள்,NOUN
குலம்,NOUN
அழிவற்றதாக,ADV
அமைவதாக,ADV
என்று,PART
வாழ்த்தியது,VERB
கரியநிறமான,ADJ
நாகத்தின்,NOUN
பெயர்,NOUN
தட்ச,AUX
பிரஜாபதி,VERB
இமையாத,ADJ
கண்கள்,ADV
கொண்டவன்,NOUN
என்று,PART
பொருள்,VERB
வெண்ணிறமான,ADJ
நாகத்தின்,NOUN
பெயர்,NOUN
மரீசி,VERB
பிரஜாபதி,VERB
வெண்ணிற,NOUN
ஒளி,NOUN
என்று,PART
அவனுக்குப்,VERB
பெயர்,VERB
அவர்கள்,PRON
இருவரும்,ADJ
ஒருவரை,NOUN
ஒருவர்,NOUN
தழுவிக்கொண்டு,NOUN
பலகோடி,NOUN
ஆண்டுகள்,NOUN
வானத்தை,NOUN
நிறைத்து,VERB
விரிந்துகிடந்தார்கள்,VERB
அவர்களால்தான்,PROPN
திசைகள்,NOUN
உருவாகி,VERB
வந்தன,AUX
தட்சனின்,NOUN
தலை,NOUN
கிடந்த,ADJ
எல்லை,NOUN
மேற்கு,VERB
என்றும்,_
மரீசியின்,NOUN
தலை,NOUN
கிடந்த,ADJ
எல்லை,NOUN
கிழக்கு,NOUN
என்றும்,_
அறியப்படலாயிற்று,VERB
கிழக்குக்கும்,ADJ
மேற்குக்கும்,ADJ
காவலாக,ADV
வடக்கும்,ADJ
தெற்கும்,VERB
உருவாகிவந்தன,VERB
தழுவித்தழுவி,NOUN
இறுகியபின்,NOUN
மேலும்,ADV
தழுவும்பொருட்டு,PROPN
அவர்களின்,NOUN
தழுவல்,NOUN
சற்றே,NOUN
தளர்ந்தபோது,ADV
இருவருக்கும்,ADJ
நடுவே,NOUN
காலம்,VERB
புகுந்துகொண்டது,VERB
மரீசி,NOUN
காலத்தை,NOUN
ஆறுவேளைகளாக,ADV
உணர,VERB
ஆரம்பித்தான்,VERB
ஒவ்வொரு,NOUN
காலத்துக்கும்,_
ஒன்று,NUM
என,PART
தன்னிலிருந்து,_
ஆறு,PART
உடன்பிறந்தாரை,VERB
உருவாக்கிக்கொண்டான்,VERB
அங்கிரஸ்,PROPN
அத்ரி,NOUN
புலஸ்தியன்,NOUN
வசிஷ்டன்,PROPN
புலஹன்,NOUN
கிருது,NOUN
என்ற,PART
அறுவருடன்,NOUN
இணைந்து,_
ஏழாக,AUX
ஆனான்,VERB
அவர்கள்,PRON
எழுவரும்,ADJ
வானத்தில்,NOUN
ஏழு,NOUN
விண்மீன்களாக,ADV
அமர்ந்து,VERB
கனவுகண்டார்கள்,VERB
வானத்தை,NOUN
முழுக்க,PROPN
நிறைத்துவிடவேண்டுமென,VERB
விரும்பினார்கள்,VERB
அவர்களின்,NOUN
விருப்பம்,NOUN
கோடானுகோடி,NOUN
ஆண்டுகளாக,_
நீடித்து,_
ஊழ்கமாகி,NOUN
தவமாகி,NOUN
முதிர்ந்தபோது,ADV
அது,PRON
வீரணி,NOUN
என்ற,PART
ஒளிமிக்க,VERB
வெண்ணிற,ADJ
நாகமாக,VERB
ஆகியது,VERB
அவளை,NOUN
அவர்கள்,PRON
அஸிக்னி,PROPN
என்று,PART
பெயர்சூட்டி,NOUN
மகளாக,VERB
வளர்த்தனர்,VERB
அவள்,NOUN
வளர்ந்ததும்,ADJ
அவளை,NOUN
தட்ச,NOUN
பிரஜாபதிக்கு,NOUN
மணம்செய்து,VERB
கொடுத்தனர்,VERB
விண்ணிலும்,ADJ
மண்ணிலும்,ADJ
விரிந்துள்ள,_
அனைத்தும்,PRON
தட்சனுக்கும்,ADJ
அஸிக்னிக்கும்,ADJ
பிறந்தவையே,NOUN
என்றாள்,VERB
மானசாதேவி,VERB
முடிவில்லாத,ADJ
காமமே,NOUN
தட்ச,AUX
பிரஜாபதி,VERB
அஸிக்னியோ,NOUN
முடிவில்லாத,VERB
வளம்,AUX
கொள்,NOUN
என்ற,PART
இச்சையே,VERB
தட்சன்,VERB
அளி,NOUN
என்ற,PART
இச்சையே,VERB
அஸிக்னி,VERB
எழுவதன்,NOUN
வீரியமே,VERB
தட்சன்,VERB
விரிவதன்,NOUN
வல்லமையே,VERB
அஸிக்னி,VERB
அவர்களில்,NOUN
இருந்துதான்,PROPN
தேவகுலங்கள்,NOUN
அனைத்தும்,PRON
பிறந்தன,VERB
அசுரகணங்கள்,VERB
பிறந்தன,VERB
நடுவே,NOUN
மனிதர்களும்,ADJ
மிருகங்களும்,ADJ
பறவைகளும்,ADJ
புழு,NOUN
பூச்சிகளும்,ADJ
தாவரங்களும்,VERB
பிறந்தன,VERB
அவர்கள்,PRON
வாழ்வதற்காக,ADV
ஏழு,NOUN
விண்ணகங்களும்,ADJ
ஏழு,NOUN
பாதாளங்களும்,VERB
உருவாகிவந்தன,VERB
தட்ச,NOUN
பிரஜாபதிக்கு,NOUN
பிறந்த,ADJ
அறுபது,_
மகள்களில்,NOUN
ஒருத்தியின்,NOUN
பெயர்,VERB
கத்ரு,VERB
அவளை,NOUN
மரீசியின்,NOUN
மைந்தனான,ADJ
கஸ்யபன்,NOUN
மணம்,AUX
புரிந்துகொண்டான்,VERB
அவள்தான்,PROPN
நாகர்குலத்தின்,NOUN
ஆதியன்னை,NOUN
என்றாள்,VERB
மானசாதேவி,VERB
கத்ரு,NOUN
பதினான்கு,NOUN
மடிப்புகளாகச்,NOUN
சுருண்டு,NOUN
அனைத்துலகங்களையும்,ADJ
வளைத்துக்,VERB
கிடந்தாள்,VERB
அவளுடைய,NOUN
தலை,NOUN
ஏழாம்,NOUN
விண்ணிலும்,ADJ
வால்நுனி,PROPN
ஏழாம்,VERB
பாதாளத்திலுமிருந்தது,VERB
அவளுடைய,NOUN
கரிய,ADJ
உடலெங்கும்,ADJ
கோடானுகோடி,NOUN
விண்மீன்கள்,VERB
மின்னிக்கொண்டிருந்தன,VERB
அவளுடைய,NOUN
கண்கள்,NOUN
இரு,NUM
செந்நிற,ADJ
ஆதித்யர்களாக,ADV
கிழக்கிலும்,ADJ
மேற்கிலுமாக,VERB
சுடர்விட்டன,VERB
அவளுடைய,NOUN
பிளவுண்ட,ADJ
செந்நாக்கு,NOUN
கோடானுகோடி,NOUN
யோசனை,NOUN
தொலைவுள்ள,_
நெருப்பாறாக,ADV
வானில்,NOUN
பெருக்கெடுத்து,VERB
அலைபாய்ந்தது,VERB
நமது,NOUN
கிராமங்களில்,NOUN
ஆலமரத்தின்,NOUN
அடியில்,NOUN
கல்விழிகளுடன்,NOUN
கல்படம்,NOUN
எடுத்து,VERB
கோயில்கொண்டிருப்பவள்,NOUN
நம்முடைய,PRON
ஆதியன்னை,NOUN
கத்ருவே,NOUN
என்று,PART
மானசாதேவி,VERB
சொன்னாள்,VERB
கிழக்கே,NOUN
ஒளிமிக்க,PROPN
சிறகுகளுடன்,NOUN
எழுந்த,ADJ
கஸ்யபன்,NOUN
கத்ருதேவியிடம்,NOUN
உனக்கு,NOUN
நான்,PRON
மைந்தர்களை,VERB
அளிக்கிறேன்,VERB
வெல்லமுடியாத,ADJ
அறிவுத்திறன்,NOUN
நிகரற்ற,ADJ
வீரம்,NOUN
பேரழகு,NOUN
ஆகியவற்றில்,NOUN
ஏதேனும்,ADJ
ஒரு,ADJ
குணத்தை,NOUN
மட்டும்,ADV
நீ,NOUN
உன்,NOUN
மைந்தர்களுக்காக,ADV
தேர்வுசெய்யலாம்,VERB
என்றார்,VERB
கத்ருதேவி,NOUN
இவையனைத்தும்,VERB
அழியக்கூடியவை,VERB
அழியாதது,VERB
ஒன்றே,VERB
முடிவில்லாமல்,VERB
பெருகிக்கொண்டிருக்கும்,VERB
வல்லமை,VERB
அழிவில்லாமல்,VERB
இருந்துகொண்டிருக்கும்,VERB
இச்சை,VERB
அந்த,DET
குணமுள்ள,_
குழந்தைகளை,NOUN
எனக்கு,PRON
அளியுங்கள்,NOUN
என்று,PART
சொன்னாள்,VERB
ஆம்,AUX
அவ்வாறே,NOUN
ஆகுக,NOUN
என்று,PART
கஸ்யபனும்,VERB
வாக்களித்தான்,VERB
அவ்வாறாக,ADV
கத்ருதேவி,NOUN
நீலநிறமான,ADJ
ஒரு,ADJ
முட்டையை,VERB
ஈன்றாள்,VERB
அதை,PRON
அவள்,NOUN
முத்தமிட்டு,PROPN
உடைத்தபோது,ADV
கன்னங்கரிய,ADJ
ஆயிரம்,NUM
நாகப்பாம்புகள்,NOUN
வெளிவந்து,VERB
நெளிந்தன,VERB
அவர்களிலிருந்து,_
நாகவம்சம்,VERB
உருவாகியது,VERB
விண்ணிலும்,ADJ
மண்ணிலும்,ADJ
பாதாளத்திலும்,ADJ
கத்ருவின்,NOUN
மைந்தர்களான,ADJ
நாகர்களே,NOUN
ஆள்கிறார்கள்,NOUN
என்றாள்,VERB
மானசாதேவி,VERB
விண்ணை,NOUN
ஆள்பவன்,VERB
சேஷன்,VERB
பாதாளத்தை,NOUN
ஆள்பவன்,VERB
வாசுகி,VERB
மண்ணை,NOUN
ஆள்பவன்,VERB
தட்சகன்,VERB
தட்சகனின்,NOUN
ஆயிரம்,NUM
மனைவிகளிலிருந்துதான்,PROPN
மண்ணிலுள்ள,_
அத்தனை,NOUN
நாகங்களும்,VERB
உருவாயின,VERB
அந்த,DET
நாகங்கள்,NOUN
மனிதர்களுடன்,NOUN
புணர்ந்து,_
நாகர்குல,NOUN
மக்கள்,VERB
உருவானார்கள்,VERB
பாரதவர்ஷத்தின்,NOUN
எல்லா,NOUN
மூலைமுடுக்குகளிலும்,ADJ
நாகர்கள்,NOUN
பெருகி,VERB
நிறைந்தனர்,VERB
குன்றாத,ADJ
பிறப்புவீரியமே,NOUN
அவர்களின்,NOUN
வல்லமையாக,VERB
இருந்தது,AUX
தட்சகனின்,NOUN
வம்சத்தில்,NOUN
வந்த,ADJ
காலகனின்,NOUN
மகளாகிய,ADJ
என்பெயர்,VERB
மானசாதேவி,VERB
எனக்கு,PRON
ஜகல்கௌரி,NOUN
சித்தயோகினி,PROPN
நாகபாகினி,PROPN
என்றெல்லாம்,VERB
பெயருண்டு,VERB
இளமையிலேயே,NOUN
நான்,PRON
காட்டுக்குச்,NOUN
சென்று,VERB
சிவனை,NOUN
எண்ணி,NOUN
கடுந்தவம்,VERB
செய்தேன்,VERB
நாகபடம்,NOUN
சூடிய,ADJ
சிவன்,NOUN
தோன்றி,NOUN
உனக்கு,NOUN
என்ன,NOUN
வரம்,NOUN
தேவை,AUX
என்றான்,VERB
முழுமைநிலையன்றி,NOUN
ஏதும்,ADJ
எனக்குத்,ADV
தேவையில்லை,NOUN
என்று,PART
சொன்னேன்,VERB
நீ,NOUN
பெண்ணானதனால்,NOUN
கருவுறாமல்,VERB
உனக்கு,NOUN
முழுமைநிலை,VERB
கைகூடுவதில்லை,VERB
பாசிமணிகளுக்குள்,NOUN
பட்டுச்சரடுபோல,NOUN
மனிதர்களுக்குள்,NOUN
விதியின்,NOUN
நோக்கம்,VERB
ஊடுருவிச்செல்கிறது,VERB
உன்,NOUN
கருப்பையின்,NOUN
நிறைவை,NOUN
உணர்ந்தபின்,NOUN
மீண்டும்,ADV
வருக,NOUN
என்று,PART
சொல்லி,NOUN
விஷத்தின்,NOUN
அதிபன்,VERB
மறைந்தான்,VERB
வேசரவனத்தில்,NOUN
குகையொன்றுக்குள்,NOUN
ஜரத்காரு,NOUN
என்ற,PART
முனிவர்,NOUN
அதன்,NOUN
மேல்குவட்டில்,NOUN
இருந்து,ADP
சொட்டும்,_
மலைத்தேனை,NOUN
மட்டுமே,PART
உண்டு,NOUN
தவம்,AUX
செய்துவந்தார்,VERB
வழிதவறி,NOUN
உள்ளே,NOUN
சென்ற,ADJ
மின்மினி,PROPN
ஒன்றின்,NOUN
ஒளி,NOUN
வழியாக,ADP
கனத்த,ADJ
இருள்,NOUN
மண்டிய,ADJ
அந்தக்குகை,NOUN
பாதாளத்துக்கான,ADV
நுழைவாயில்,NOUN
என்று,PART
அறிந்து,_
ஒருநாள்,NOUN
அவர்,PRON
அதற்குள்,NOUN
நடந்து,VERB
சென்றார்,VERB
நூறுமடிப்புகளைக்கொண்ட,ADJ
அந்தப்பாதையின்,NOUN
முடிவில்,NOUN
அதலமெனும்,_
முதற்கீழுலகு,VERB
இருந்தது,AUX
அங்கே,ADV
நெளியும்,ADJ
கருநாகங்களில்,NOUN
புல்நுனிகளில்,NOUN
புழுக்களைப்போல,NOUN
அள்ளிப்பற்றி,NOUN
தொங்கிக்கிடந்த,ADJ
ஆயிரம்,NUM
சிறிய,ADJ
மனித,PROPN
உருவங்களை,VERB
கண்டார்,VERB
அவையெல்லாம்,NOUN
தன்னுடைய,_
மூதாதையர்,NOUN
என்பதை,PART
உணர்ந்தார்,VERB
உன்,NOUN
உதிரம்,VERB
முளைத்தெழவில்லை,VERB
எங்களுக்கு,NOUN
அன்னமும்,_
நீரும்,VERB
அளிக்கப்படவில்லை,VERB
ஆகவே,NOUN
இந்த,DET
உலகில்,NOUN
வாழ்கிறோம்,VERB
என்று,PART
அவர்கள்,PRON
சொன்னார்கள்,VERB
ஒளிக்கு,NOUN
மீண்டு,NOUN
வந்த,ADJ
ஜரத்காரு,NOUN
முனிவர்,NOUN
தன்னுள்,NOUN
இருந்து,ADP
தன்,NOUN
மூதாதையரின்,NOUN
வம்சத்தை,NOUN
உருவாக்க,VERB
எண்ணிய,ADJ
நேரத்தில்,NOUN
நான்,PRON
அவரை,AUX
சந்தித்தேன்,VERB
மண்ணுலகை,NOUN
ஆளும்,ADJ
அரசநாகமான,ADJ
தட்சகன்,NOUN
என்னைத்,NOUN
தேடிவந்து,_
அளித்த,ADJ
ஆணையின்படி,ADV
அங்கே,ADV
சென்றேன்,VERB
கன்னங்கரிய,ADJ
ஆலமரம்போல,NOUN
ஆயிரம்,NUM
தலைகளுடன்,NOUN
என்,PRON
முன்,ADV
எழுந்து,VERB
நின்ற,ADJ
தட்சகன்,NOUN
தேவி,NOUN
நீ,NOUN
பிறந்ததன்,NOUN
நோக்கம்,ADV
நிறைவேறவிருக்கிறது,_
என்று,PART
சொல்லியிருந்தார்,VERB
நான்,PRON
குகைவாயிலுக்குச்,NOUN
சென்று,VERB
என்,PRON
காதலனைத்தையும்,ADJ
கொண்டு,VERB
மாயாவடிவமெடுத்து,_
நின்று,NOUN
முனிவரின்,NOUN
மனம்,AUX
கவர்ந்தேன்,VERB
என்னை,NOUN
அவர்,PRON
ஓடும்,ADJ
நீரை,NOUN
சாட்சியாக்கி,VERB
மணம்புரிந்துகொண்டார்,VERB
அவருக்கு,PRON
என்னில்,NOUN
பிறந்த,ADJ
மகன்,NOUN
நீ,NOUN
என்றாள்,VERB
மானசாதேவி,VERB
நீ,NOUN
பிறப்பதற்குள்ளேயே,NOUN
என்னை,NOUN
உன்,NOUN
தந்தை,NOUN
விட்டுச்,VERB
சென்றுவிட்டார்,VERB
அகத்திலும்,ADJ
புறத்திலும்,ADJ
அவரை,NOUN
நான்,PRON
என்னுடைய,PRON
காதலின்,NOUN
மாயத்தில்,VERB
வைத்திருந்தேன்,VERB
அவரது,PRON
பகலும்,_
இரவும்,_
காலையும்,ADJ
அந்தியும்,ADJ
நான்,PRON
உருவாக்கியவை,VERB
அவர்,PRON
கண்ட,PROPN
மண்ணும்,ADJ
விண்ணும்,ADJ
காடும்,ADJ
நதிகளும்,ADJ
என்,PRON
கற்பனையில்,VERB
உருவானவை,VERB
ஒருகணம்கூட,NOUN
அவர்,PRON
அந்த,DET
மாயையில்,NOUN
இருந்து,ADP
விடுபடக்கூடாதென்பதனால்,NOUN
நான்,PRON
இரவும்,_
பகலும்,_
தூங்காமலிருந்தேன்,VERB
ஆனால்,ADV
ஒருநாள்,NOUN
அவர்,PRON
ஆலமரத்தடியில்,NOUN
துயில்கையில்,NOUN
நானும்,_
சற்று,VERB
கண்ணயர்ந்துவிட்டேன்,VERB
விழித்துக்கொண்ட,

அவர்,PRON
தூங்கும்போது,ADV
மட்டுமே,PART
என்னில்,NOUN
வெளிப்படும்,ADJ
என்,PRON
நாகவடிவத்தை,VERB
கண்டார்,VERB
அக்கணமே,NOUN
மாயைகள்,NOUN
அனைத்தும்,PRON
கலைந்து,_
முன்னும்,ADJ
பின்னும்,ADJ
காலத்தைக்,NOUN
கண்டு,NOUN
திகைத்து,VERB
நின்றார்,VERB
அதலத்தில்,NOUN
அவர்,PRON
கண்ட,PROPN
மூதாதையர்,NOUN
பாதாளமூர்த்திகளான,ADV
கருநாகங்களே,NOUN
என்று,PART
உணர்ந்தார்,VERB
அருகே,ADP
இருந்த,ADJ
ஓடைநீரை,NOUN
அள்ளி,NOUN
என்னை,NOUN
சபிப்பதற்காக,VERB
ஓங்கினார்,VERB
உங்கள்,NOUN
சாபத்தை,NOUN
என்,PRON
வயிற்றில்,NOUN
வளரும்,ADJ
உங்கள்,NOUN
மைந்தனும்,ADV
பெறவேண்டுமா,NOUN
என்று,PART
அவரிடம்,VERB
கேட்டேன்,VERB
ஆம்,AUX
வேறுவழியில்லை,VERB
இக்கணத்தில்,NOUN
எண்ணியவற்றை,NOUN
நான்,PRON
திரும்பப்பெற,VERB
முடியாது,AUX
என்றார்,VERB
உன்,NOUN
மைந்தன்,NOUN
ஆயுள்,NOUN
முழுமை,VERB
பெறமாட்டான்,VERB
நீ,NOUN
புத்திரசோகத்தில்,NOUN
இறப்பாய்,NOUN
என்றபின்,NOUN
மனமுடைந்து,_
அழ,AUX
ஆரம்பித்தார்,VERB
நான்,PRON
அவர்,PRON
அருகே,ADP
அமர்ந்து,_
இதில்,ADV
வருந்துவதற்கேதுமில்லை,VERB
நீங்களும்,_
நானும்,_
நாம்,PRON
ஒருபோதும்,ADJ
அறியமுடியாத,ADJ
காலநாடகத்தின்,NOUN
இரு,NUM
சிறு,_
துளிகள்,NOUN
மட்டுமே,PART
என்றேன்,VERB
ஆம்,AUX
உன்,NOUN
மாயையால்,NOUN
என்னை,VERB
சூழ்ந்துகொண்டாய்,VERB
அந்த,DET
மாயையால்,NOUN
எனக்கு,PRON
ஒரு,ADJ
வரம்,AUX
கொடு,AUX
உன்னையும்,ADJ
இக்குழந்தையையும்,ADJ
முற்றாக,ADV
மறந்து,_
நான்,PRON
செல்லவேண்டும்,ADJ
என்று,PART
அவர்,PRON
என்னிடம்,VERB
கோரினார்,VERB
அவ்வாறே,NOUN
ஆகுக,NOUN
என,PART
நான்,PRON
வரமளித்தேன்,VERB
அந்த,DET
ஓடையைத்,NOUN
தாண்டியதுமே,NOUN
அவர்,PRON
உன்னையும்,ADJ
என்னையும்,ADJ
முழுமையாக,ADV
மறந்தவராக,VERB
ஆனார்,VERB
உன்னை,NOUN
உன்,NOUN
மாமன்,NOUN
வாசுகியின்,NOUN
உதவியுடன்,VERB
வளர்த்தேன்,VERB
ஞானத்தின்,NOUN
விதைகளை,NOUN
உன்னுள்,VERB
ஊன்றிவிட்டேன்,VERB
நீ,NOUN
கற்கும்,ADJ
கல்வி,NOUN
உன்னை,VERB
முழுமையாக்கும்,VERB
உனக்கு,_
முதுமை,VERB
இல்லை,AUX
உன்,NOUN
தந்தை,NOUN
உனக்களித்த,ADJ
வரமாகவே,NOUN
அதை,PRON
கொள்,AUX
உன்னை,NOUN
முதியவனாக,ADV
பார்க்கும்,ADJ
நிலை,_
எனக்கும்,_
இல்லை,AUX
அது,PRON
என்,PRON
காதலுக்கு,NOUN
அவர்,PRON
அளித்த,ADJ
கொடை,NOUN
என்றே,VERB
எண்ணுகிறேன்,VERB
உன்னுடைய,NOUN
சின்னஞ்சிறு,NOUN
உடலுக்குள்,NOUN
விதைக்குள்,NOUN
பெருமரம்போல,NOUN
இப்பிரபஞ்சத்தின்,NOUN
பெருநிகழ்வொன்று,VERB
குடியிருக்கிறது,VERB
குழந்தை,NOUN
பெருமூச்சு,VERB
விட்டது,AUX
பெரிய,ADJ
கனவுகள்,NOUN
சிறிய,ADJ
உடலை,NOUN
அலைக்கழித்தன,NOUN
போலும்,ADJ
தன்,NOUN
தோள்களை,NOUN
குறுக்கிக்கொண்டு,NOUN
அன்னையின்,NOUN
ஆடைநுனியை,NOUN
எடுத்து,VERB
கட்டைவிரலில்,NOUN
சுற்றி,NOUN
கடித்துக்கொண்டு,NOUN
அண்ணாந்து,VERB
நோக்கியது,VERB
மகனே,NOUN
நீ,NOUN
பிறந்ததற்கான,ADJ
தருணம்,NOUN
இப்போது,ADV
வந்துவிட்டது,VERB
நீ,NOUN
நாளையே,ADV
கிளம்பு,NOUN
என்று,PART
மானசாதேவி,NOUN
தன்,NOUN
மகனை,NOUN
மெல்ல,NOUN
அணைத்து,_
அவன்,NOUN
காதுகளில்,NOUN
மெதுவாக,VERB
சொன்னாள்,VERB
வேசரதேசத்தில்,NOUN
புஷ்கரவனத்தில்,NOUN
அதிகாலையில்,NOUN
நாகர்குலத்தின்,NOUN
அரசியான,ADJ
மானசாதேவி,NOUN
தன்,NOUN
மகன்,NOUN
ஆஸ்திகனை,NOUN
எழுப்பி,NOUN
நீராடச்செய்து,_
மரவுரியாடையணிவித்து,_
மான்தோல்மூட்டையில்,NOUN
உணவுக்கான,ADJ
வறுத்த,ADJ
புல்லரிசியும்,ADJ
மாற்று,NOUN
உடையும்,ADJ
எடுத்துவைத்துக்கட்டி,NOUN
சுரைக்காய்,NOUN
கமண்டலத்தில்,NOUN
நீர்,NOUN
நிறைத்துவைத்து,_
நெற்றியில்,NOUN
குலதெய்வங்களின்,NOUN
மஞ்சள்,NOUN
குறியை,NOUN
அணிவித்து,_
நீண்ட,ADJ
ஆயுளுடன்,VERB
இரு,NUM
உன்,NOUN
வழிகளெல்லாம்,ADV
சென்றுசேர்வதாக,ADV
என்று,PART
வாழ்த்தி,VERB
விடைகொடுத்தனுப்பினாள்,VERB
அப்போது,ADV
அவளுடைய,NOUN
குலத்தின்,NOUN
அத்தனை,NOUN
பெண்களும்,ADJ
அவள்,NOUN
வீட்டின்,NOUN
முன்,ADV
கூடியிருந்தனர்,VERB
ஆலமரத்தடியில்,NOUN
அவர்களின்,NOUN
குலதெய்வங்களான,ADJ
நாகங்கள்,NOUN
கல்லாலான,ADJ
பத்திகளை,NOUN
விரித்து,_
கல்லுடல்,NOUN
பின்னி,PROPN
கல்விழிகளால்,VERB
பார்த்துக்கொண்டிருந்தன,VERB
ஆறு,PART
வயதான,ADJ
ஆஸ்திகன்,NOUN
குனிந்து,_
தன்,NOUN
அன்னையின்,NOUN
கால்களைத்,NOUN
தொட்டு,PROPN
வணங்கிவிட்டு,PROPN
தன்,NOUN
சிறுகால்களை,NOUN
எடுத்து,VERB
வைத்து,VERB
பசும்சாணி,NOUN
பூசிய,ADJ
படிகளில்,NOUN
இறங்கி,NOUN
நீலச்செண்பகமலர்கள்,NOUN
விழிவிரித்து,_
பார்த்துக்கிடந்த,ADJ
முற்றத்தைத்,NOUN
தாண்டி,VERB
நடந்து,VERB
ஊர்முனையில்,NOUN
மறைந்தபோது,ADV
விம்மும்,_
நெஞ்சுடன்,NOUN
அவள்,NOUN
பின்னால்,NOUN
ஓடிவந்து,_
ஊர்மன்றின்,NOUN
அரசமரத்தடியில்,NOUN
நின்று,NOUN
கண்ணெட்டும்,ADJ
தூரம்,NOUN
வரை,ADP
பார்த்திருந்தாள்,VERB
மண்நிறமான,ADJ
மரவுரியும்,ADJ
கரிய,ADJ
குடுமியும்,ADJ
கண்ணிலிருந்து,_
மறைந்த,ADJ
பின்புதான்,PROPN
அவள்,NOUN
அறிந்தாள்,NOUN
அவன்,NOUN
ஒருகணம்கூட,ADV
திரும்பிப்பார்க்கவேயில்லை,VERB
என்று,PART
ஆஸ்திகன்,NOUN
கிருஷ்ணையின்,NOUN
நீர்ப்பெருக்கை,NOUN
படகில்,NOUN
கடந்து,VERB
சென்றான்,VERB
அன்றிரவு,NOUN
கிருஷ்ணநகரத்தில்,NOUN
ஒரு,ADJ
சத்திரத்தில்,VERB
தங்கினான்,VERB
அங்கிருந்து,ADV
மறுநாள்,ADV
கிளம்பி,NOUN
வடக்குநோக்கி,NOUN
செல்ல,VERB
ஆரம்பித்தான்,VERB
பாரதத்தின்,NOUN
ஒவ்வொரு,NOUN
ஊரிலிருந்தும்,ADV
அஸ்தினபுரிக்குச்,NOUN
செல்லும்,ADJ
ஒரு,ADJ
பாதை,VERB
இருந்தது,VERB
இரவுகளில்,NOUN
மரத்தடிகளிலும்,ADJ
மழைபெய்யும்போது,ADV
கோயில்மண்டபங்களிலும்,ADJ
கழித்தபடி,NOUN
கால்களில்,NOUN
புழுதிபடிய,ADJ
சிவந்த,ADJ
சருமம்,NOUN
வெந்து,_
கருக,NOUN
அவன்,NOUN
நடந்து,VERB
சென்றுகொண்டே,VERB
இருந்தான்,VERB
மரவுரியணிந்த,ADJ
முனிகுமாரனை,NOUN
ஒவ்வொரு,NOUN
ஊரிலும்,_
குடும்பத்தவர்கள்,NOUN
வந்து,AUX
வணங்கி,NOUN
உணவும்,PRON
நீரும்,ADJ
இடமும்,_
அளித்து,VERB
வழியனுப்பிவைத்தனர்,VERB
சிலகணங்கள்,NOUN
பார்த்துவிட்டு,PROPN
கீழே,ADV
இறங்கி,NOUN
ரதசாலை,NOUN
வழியாக,ADP
நடந்து,VERB
கோட்டைவாசலை,VERB
அடைந்தான்,VERB
மேலே,NOUN
எழுந்து,VERB
அத்திசையை,NOUN
முற்றாகவே,NOUN
மறைத்துக்கொண்டது,VERB
சுவர்,VERB
அவன்,NOUN
கண்ட,PROPN
நகரங்களில்,NOUN
எதிலும்,ADJ
அதற்கிணையான,ADJ
கோட்டை,VERB
இருந்ததில்லை,VERB
பாதாளநாகம்,NOUN
போன்ற,ADP
கரிய,ADJ
உடல்,NOUN
மீது,ADP
புதுமழையில்,NOUN
முளைத்த,ADJ
பசும்புற்கள்,NOUN
காற்றில்,NOUN
சிலுசிலுக்க,VERB
வளைந்து,_
ஓங்கிக்,NOUN
கிடந்தது,VERB
கோட்டை,VERB
கோட்டைக்கு,NOUN
முன்னாலிருந்த,ADJ
அகழிக்குள்,NOUN
முளைத்தெழுந்த,ADJ
நீர்மரங்கள்,NOUN
பசும்கிளைகளை,NOUN
கோர்த்துக்கொண்டு,NOUN
பச்சைத்தழைப்பு,NOUN
செறிந்து,VERB
நின்றன,VERB
பாதை,NOUN
சற்றே,NOUN
எழுந்து,VERB
விரியத்,NOUN
திறந்துகிடந்த,ADJ
கோட்டைவாசலுக்குள்,VERB
சென்றது,VERB
இருபக்கமும்,_
இருபது,_
ஆள்,NOUN
உயரமான,ADJ
கோட்டைக்கதவுகள்,NOUN
திறந்து,_
மண்ணில்,VERB
புதைந்திருந்தன,VERB
கதவின்,NOUN
மரத்தடிகளை,NOUN
இணைத்த,ADJ
இரும்புப்பட்டைகள்,VERB
துருவேறியிருந்தன,VERB
மரச்சிற்பங்கள்,NOUN
மேல்,NOUN
பச்சோந்திக்கால்கள்,NOUN
போல,ADP
வேர்,NOUN
பதித்து,_
படர்ந்து,_
ஏறி,NOUN
பச்சை,NOUN
இலைகளை,NOUN
விரித்து,_
காற்றிலாடி,NOUN
நின்ற,ADJ
கொடிகளுக்குள்,NOUN
கதவை,NOUN
மோதும்,ADJ
பகையானை,NOUN
மத்தகங்களைத்,NOUN
தடுக்கும்,ADJ
பித்தளைக்குமிழ்கள்,NOUN
களிம்புப்பச்சை,NOUN
நிறத்தில்,NOUN
காய்கள்போலத்,VERB
தெரிந்தன,VERB
ஓவியம்:,VERB
ஷண்முகவேல்,VERB
கோட்டைவாசலிலும்,ADJ
உள்ளே,NOUN
ரதவீதியிலும்,ADJ
எங்கும்,ADJ
காவல்,VERB
இருக்கவில்லை,VERB
காலைவெயிலில்,NOUN
இளமழை,NOUN
பொழிந்துகொண்டிருக்க,VERB
அவன்,NOUN
புறச்சாலையில்,NOUN
நடந்தபோது,ADV
நகரமே,NOUN
அமைதியாக,ADV
இருக்கக்,ADV
கேட்டு,PROPN
பிரம்மசாபத்தால்,VERB
தூங்கிக்கொண்டிருக்கும்,ADJ
பெருநகரமோ,NOUN
அது,PRON
என,PART
ஐயம்,AUX
கொண்டான்,VERB
மழைப்பிசிர்கள்,NOUN
நின்று,NOUN
நனைந்த,ADJ
கல்பரப்புகளும்,ADJ
இலைகளும்,ADJ
ஒளி,NOUN
விட்டுக்கொண்டிருப்பதைக்,NOUN
கண்டபடி,NOUN
அவன்,NOUN
நகரத்தெருக்கள்,NOUN
வழியாக,ADP
சென்றான்,VERB
சுண்ணம்சேர்த்துக்கட்டிய,ADJ
சுவர்களும்,ADJ
செவ்வரக்கு,NOUN
பூசிய,ADJ
மரப்பட்டைக்கூரைகளும்,ADJ
கொண்ட,ADP
மூன்றடுக்கு,NOUN
மாளிகைகள்,NOUN
இருபக்கமும்,_
அணிவகுத்த,ADJ
அகன்ற,ADJ
தெருக்களில்,NOUN
குழந்தைகள்,NOUN
நீரில்,NOUN
நீந்தும்,ADJ
பரல்மீன்கள்,NOUN
போல,ADP
பெரிய,ADJ
கண்களுடன்,NOUN
ஓசையே,NOUN
இல்லாமல்,VERB
விளையாடின,VERB
வீட்டுத்திண்ணைகளில்,NOUN
யாழ்களுடன்,NOUN
இருந்தவர்கள்,NOUN
தயிர்கொண்டுசென்ற,ADJ
ஆய்ச்சியர்,NOUN
அனைவரும்,PRON
கனவுருக்கள்,NOUN
போல,ADP
அமைதியாக,VERB
அசைந்துகொண்டிருந்தனர்,VERB
அஸ்தினபுரியில்,NOUN
மாமன்னன்,NOUN
ஜனமேஜயன்,NOUN
பலகட்டங்களாக,ADV
ஐந்துமாதங்களாக,ADV
நடத்திவந்த,ADJ
மாபெரும்,ADJ
பூதயாகம்,NOUN
ஒன்று,NUM
அன்று,ADP
முடிவுக்கு,VERB
வந்துகொண்டிருந்தது,VERB
நகரமெங்கும்,ADJ
பாரதவர்ஷத்தின்,NOUN
அனைத்துப்பகுதிகளிலிருந்தும்,ADJ
வந்திருந்த,ADJ
வைதிகர்களும்,ADJ
முனிவர்களும்,VERB
நிறைந்திருந்தனர்,VERB
அவர்கள்,PRON
தங்குவதற்காக,ADV
நகருக்கு,NOUN
வெளியே,ADV
உபவனத்தில்,NOUN
குடில்கள்,VERB
கட்டப்பட்டிருந்தன,VERB
ஆஸ்திகன்,NOUN
அங்கே,ADV
தன்னை,NOUN
வரவேற்றுச்,NOUN
சென்ற,ADJ
சிற்றமைச்சனிடம்,NOUN
யாயாவர,NOUN
வைதிக,NOUN
குலத்தில்,NOUN
உதித்தவரும்,ADJ
கஸ்யப,NOUN
கோத்திரத்தைச்,NOUN
சேர்ந்தவருமாகிய,ADJ
ஜரத்காரு,NOUN
ரிஷியின்,NOUN
மைந்தன்,VERB
நான்,PRON
நைஷ்டிக,VERB
பிரம்மசாரி,VERB
என்,PRON
பெயர்,NOUN
ஆஸ்திகன்,NOUN
என்று,PART
அறிமுகம்,VERB
செய்துகொண்டான்,VERB
அவர்,PRON
அவனை,NOUN
வணங்கி,NOUN
அழைத்துச்சென்று,NOUN
ஈச்சைஓலைகளால்,NOUN
கூரை,NOUN
வேய்ந்து,_
மரப்பட்டைகளால்,NOUN
சுவரமைக்கப்பட்ட,ADJ
அழகிய,ADJ
சிறுகுடில்களில்,NOUN
ஒன்றில்,NUM
தங்கச்செய்தார்,VERB
அங்கேயே,NOUN
ஓடிய,ADJ
சிறுநதியில்,NOUN
நீராடி,NOUN
புத்தாடை,NOUN
அணிந்து,_
வழிபாடுகளை,NOUN
முடித்துக்கொண்டு,NOUN
ஆஸ்திகன்,NOUN
ஜனமேஜயனின்,NOUN
வேள்விச்சாலைக்குச்,VERB
சென்றான்,VERB
அன்று,ADP
வேள்வியின்,NOUN
இறுதிநாள்,NOUN
என்பதனால்,NOUN
நகரமே,NOUN
வேள்விச்சாலை,NOUN
நோக்கி,VERB
சென்றுகொண்டிருந்தது,VERB
பொன்னூல்,NOUN
பின்னல்கள்,NOUN
கொண்ட,ADP
வண்ண,NOUN
ஆடைகள்,NOUN
அணிந்து,_
பொன்னணிகளாலும்,ADJ
மலர்களாலும்,ADJ
அலங்கரித்துக்கொண்ட,VERB
பெண்கள்,VERB
சிகையில்,NOUN
மயிற்பீலிவைத்து,_
மலர்சுற்றிக்கட்டி,NOUN
பீதாம்பரம்,NOUN
அணிந்த,VERB
குழந்தைகள்,VERB
கச்சை,NOUN
வேட்டிகட்டி,NOUN
சரிகை,NOUN
அந்தரீயத்தை,NOUN
வலப்பக்கமாகச்,NOUN
சுற்றி,NOUN
குடுமியில்,NOUN
மலர்க்கொத்துக்கள்,NOUN
அணிந்த,VERB
ஆண்கள்,VERB
மெல்ல,NOUN
கனைத்து,_
வழிகேட்ட,ADJ
மாந்தளிர்நிறமான,ADJ
குதிரைகள்,NOUN
சாமரவாலைச்,NOUN
சுழற்றியபடி,NOUN
இறுகி,NOUN
அசையும்,ADJ
தசைகளுடன்,NOUN
குளம்புகள்,NOUN
தடதடக்க,VERB
கடந்துசென்றன,VERB
விதவிதமான,ADJ
சிறிய,ADJ
வண்டிகளில்,NOUN
ஏதேதோ,NOUN
பொருட்கள்,NOUN
சென்றுகொண்டிருந்ததை,NOUN
ஆஸ்திகன்,VERB
கண்டான்,VERB
தாமிர,PROPN
உருளி,NOUN
திறந்த,ADJ
கவந்த,ADJ
வாயுடன்,NOUN
கணகணத்து,_
ஒரு,ADJ
கைவண்டியில்,NOUN
இழுபட்டுச்,VERB
சென்றது,VERB
பெரிய,ADJ
நிலவாய்,NOUN
நிறைய,NOUN
நெய்,NOUN
மூடியிலிருந்த,ADJ
சிறிய,ADJ
ஓட்டைவழியாக,ADV
அவ்வப்போது,ADV
சற்று,NOUN
கொப்பளித்துத்,NOUN
துப்பியபடி,NOUN
ஒற்றைமாட்டுவண்டியில்,VERB
சென்றது,VERB
இன்னொரு,NOUN
பெரிய,ADJ
பாத்திரத்தின்,NOUN
இரு,NUM
காதுகள்,NOUN
வழியாகவும்,PRON
மூங்கிலைச்,NOUN
செலுத்தி,NOUN
இருவர்,NOUN
தூக்கிக்கொண்டு,VERB
சென்றனர்,VERB
தலைச்சுமையாக,ADV
ஐந்துபேர்,NOUN
தாமரைமலர்களை,NOUN
கட்டி,NOUN
எடுத்துக்கொண்டு,VERB
சென்றனர்,VERB
அவர்களின்,NOUN
தோள்களில்,NOUN
தாமரைநீர்,VERB
சொட்டிக்கொண்டிருந்தது,VERB
வானத்தில்,NOUN
எழுந்ததுபோல,NOUN
ஜனமேஜயனின்,NOUN
அரண்மனைமுகடு,VERB
தெரிந்தது,VERB
மரப்பலகையால்,NOUN
செய்யப்பட்டு,PROPN
வெண்சுண்ணமும்,_
அரக்கும்,ADJ
கலந்து,VERB
பூசப்பட்ட,ADJ
கவிழ்ந்த,ADJ
தாமரைவடிவமான,ADJ
கூரைக்குவை,NOUN
மண்ணிலிறங்கிய,VERB
மேகக்குமிழ்போல,VERB
அதன்,NOUN
மேல்,NOUN
குருவம்சத்தின்,NOUN
அமுதகலசச்,NOUN
சின்னத்தைத்,NOUN
தாங்கிய,ADJ
பெரிய,ADJ
பொன்னிறக்கொடி,NOUN
துவண்டு,VERB
அசைந்தது,VERB
அதைச்சுற்றி,NOUN
தாமரைக்கூட்டங்கள்,NOUN
போல,ADP
வெண்ணிறமான,VERB
சிறியமுகடுகள்,VERB
அரண்மனையின்,NOUN
உள்கோட்டை,NOUN
செம்மண்,NOUN
நிறத்தில்,NOUN
வட்டமாக,ADV
சுற்றிவளைத்திருக்க,VERB
அதன்,NOUN
நுழைவாசலின்,NOUN
மரத்தாலான,ADJ
தோரண,NOUN
வளைவுக்குமேல்,NOUN
தொங்கிய,ADJ
காவல்மணியாகிய,ADJ
காஞ்சனம்,NOUN
தாலிச்சின்னம்போல,NOUN
பொன்னிறமாக,VERB
சுடர்விட்டுக்கொண்டிருந்தது,VERB
அரண்மனைக்குச்,NOUN
செல்லும்,ADJ
பாதையில்,NOUN
இருந்து,ADP
பிரிந்து,_
வலப்பக்கமாகச்,NOUN
சென்ற,ADJ
பாதை,NOUN
இருபக்கமும்,_
மூங்கில்காடுகள்,NOUN
கொண்டதாக,_
இருந்தது,AUX
மூங்கில்செறிவுக்கு,NOUN
அப்பால்,NOUN
பேச்சொலிகளும்,ADJ
உலோகச்சத்தங்களும்,ADJ
கலந்து,VERB
முழங்க,VERB
வண்ண,NOUN
அசைவுகள்,VERB
அலையடித்தன,VERB
வேள்விப்புகையின்,NOUN
வாசனை,NOUN
எழ,AUX
ஆரம்பித்தது,VERB
ஈச்சை,NOUN
ஓலைகளைமுடைந்து,_
செய்த,ADJ
தட்டிகளாலும்,ADJ
கோரைப்புல்பாய்களாலும்,ADJ
மரப்பட்டைநார்,NOUN
நெய்து,_
செய்யப்பட்ட,ADJ
திரைகளாலும்,ADJ
கட்டப்பட்டிருந்த,ADJ
வேள்விக்கூடத்தின்,NOUN
வட்டவடிவமான,ADJ
மைய,_
அரங்கை,NOUN
ஒட்டி,VERB
இருபக்கமும்,_
துணைப்பந்தல்கள்,VERB
இணைக்கப்பட்டிருந்தன,VERB
பந்தல்களைத்,NOUN
தாங்கிய,ADJ
வண்ணம்பூசப்பட்ட,ADJ
மூங்கில்தூண்கள்,NOUN
ஈச்சங்குலைகளாலும்,ADJ
தளிரோலைகளாலும்,ADJ
அலங்கரிக்கப்பட்டு,PROPN
பசுங்காடுபோலச்,VERB
செறிந்திருந்தன,VERB
பந்தலின்,NOUN
மறுபக்கத்தில்,NOUN
கார்மிகர்கள்,NOUN
வரும்,VERB
பாதை,AUX
அதன்,NOUN
வழியாக,ADP
மூங்கில்களில்,NOUN
தொங்கிய,ADJ
கூடைகளில்,NOUN
மலர்களும்,ADJ
இலைகளும்,ADJ
நெய்யும்,ADJ
தூபங்களும்,VERB
வந்துகொண்டிருந்தன,VERB
அரசகுலத்தவர்,NOUN
வரும்,ADJ
பாதை,NOUN
எதிரே,VERB
இருந்தது,AUX
வலப்பக்கம்,NOUN
வாழைப்பூ,NOUN
போல,ADP
செந்நிற,ADJ
மரவுரியாடை,NOUN
அணிந்த,VERB
முனிவர்கள்,VERB
இடப்பக்கம்,NOUN
சங்குக்குவியல்கள்,NOUN
போல,ADP
வெண்ணிற,ADJ
ஆடையணிந்த,VERB
வைதிகர்கள்,VERB
நடுவே,NOUN
சென்று,VERB
மேலும்,ADV
இரண்டாகப்,NOUN
பிரிந்த,ADJ
பந்தல்களில்,NOUN
ஒருபக்கம்,NOUN
செந்நிற,ADJ
தலைப்பாகைகள்,NOUN
அணிந்த,VERB
ஷத்ரியர்,VERB
மறுபக்கம்,NOUN
பொன்னிறத்,NOUN
தலைப்பாகைகள்,NOUN
அணிந்த,VERB
வைசியர்,VERB
அப்பால்,NOUN
நீலநிறத்தலைப்பாகை,NOUN
அணிந்த,VERB
சூத்திரர்,VERB
ஒவ்வொரு,NOUN
பகுதியிலும்,ADJ
பெண்களுக்கான,_
இடம்,ADP
தனியாக,VERB
பகுக்கப்பட்டிருந்தது,VERB
வேள்வியதிபரான,ADJ
வைசம்பாயனர்,NOUN
வேள்விக்குளத்தின்,NOUN
வலப்பக்கம்,NOUN
மணைமேல்,NOUN
விரிக்கப்பட்ட,ADJ
தர்ப்பைப்பரப்பு,NOUN
மேல்,AUX
அமர்ந்திருந்தார்,VERB
ஆஸ்திகன்,NOUN
அருகே,ADP
சென்று,VERB
அவரை,AUX
வணங்கினான்,VERB
தன்,NOUN
குலத்தையும்,ADJ
தந்தையின்,NOUN
பெயரையும்,ADJ
சொன்னபின்பு,NOUN
முனிவர்களின்,NOUN
இடத்துக்குச்,NOUN
சென்று,VERB
அமர்ந்துகொண்டான்,VERB
நாற்பதுநாட்களுக்கு,NOUN
முன்பு,ADV
அரணிக்கட்டையைக்,NOUN
கடைந்து,_
உருவாக்கப்பட்ட,ADJ
நெருப்பு,NOUN
வேள்விக்குளத்தில்,NOUN
ஹோதாக்களால்,NOUN
ஒவ்வொரு,NOUN
கணமும்,_
ஊட்டப்பட்டு,PROPN
பொன்னிறத்தில்,VERB
எழுந்தாடிக்கொண்டிருந்தது,VERB
வெளியே,ADV
மங்கல,NOUN
வாத்தியங்கள்,VERB
முழங்கின,VERB
பல்லியமும்,_
கொம்பும்,ADJ
பெருமுழவும்,PRON
மணியும்,ADV
சேர்ந்து,_
கலந்த,ADJ
ஒலியுடன்,NOUN
வேதபண்டிதர்களின்,NOUN
வேதகோஷம்,NOUN
இணைந்து,VERB
ஒலித்தது,VERB
முதலில்,ADV
கட்டியம்,NOUN
சொல்லும்,ADJ
கோல்காரன்,NOUN
உள்ளே,VERB
வந்தான்,VERB
கையில்,NOUN
பெரிய,ADJ
பொன்னாலான,ADJ
தலைக்கோலை,VERB
வைத்திருந்தான்,VERB
மிடுக்குடன்,NOUN
உள்ளே,VERB
வந்து,AUX
அவைமேடை,NOUN
மேல்,NOUN
ஏறி,NOUN
நின்று,NOUN
தலைக்கோலை,NOUN
மேலே,NOUN
தூக்கி,NOUN
உரக்கக்,ADV
கூவினான்,PROPN
ஜெயவிஜயீபவ,NOUN
அஸ்தினபுரத்தை,NOUN
ஆளும்,ADJ
வேந்தர்,NOUN
அத்திரி,NOUN
முனிவரின்,NOUN
கொடிவழிவந்தவர்,NOUN
குருகுலத்தோன்றல்,NOUN
பரீட்சித்,NOUN
மாமன்னரின்,NOUN
புதல்வர்,NOUN
மண்ணுக்கும்,ADJ
விண்ணுக்கும்,ADJ
இனியவர்,NOUN
பாரதவர்ஷத்தின்,NOUN
தலைவர்,NOUN
ஜனமேஜய,NOUN
மகாசக்ரவர்த்தி,VERB
எழுந்தருள்கிறார்,VERB
மங்கலவாத்தியக்குழு,NOUN
முதலில்,ADV
உள்ளே,VERB
வந்தது,VERB
அதைத்தொடர்ந்து,_
பூரண,NOUN
கும்பம்,NOUN
ஏந்திய,ADJ
வைதிகர்,NOUN
நீர்தெளித்துக்கொண்டு,VERB
வந்தனர்,AUX
பின்னர்,ADV
காவல்,NOUN
வீரர்கள்,NOUN
கவச,NOUN
உடை,NOUN
அணிந்து,_
ஆயுதங்களுடன்,VERB
வந்தனர்,AUX
தம்பியரான,ADJ
சுதசேனரும்,ADJ
உக்ரசேனரும்,ADJ
பீமசேனரும்,ADJ
உருவிய,ADJ
வாட்களுடன்,NOUN
சூழ்ந்து,VERB
வர,AUX
முன்னால்,ADP
புரோகிதர்கள்,NOUN
வேதகோஷமிட்டு,PROPN
அட்சதை,NOUN
வீசி,NOUN
வாழ்த்த,ADJ
அரங்கிலிருந்த,ADJ
முனிவர்கள்,NOUN
மலர்வீசி,NOUN
ஆசியளிக்க,VERB
ஆரங்களிலும்,ADJ
காதுகளின்,NOUN
குண்டலங்களிலும்,ADJ
புஜகீர்த்திகளிலும்,ADJ
கங்கணங்களிலும்,ADJ
கச்சைமணியிலும்,ADJ
செம்மணிகள்,NOUN
சுடர்விட,NOUN
அக்னிதேவன்,NOUN
எழுந்தருளியது,_
போல்,NOUN
ஜனமேஜய,NOUN
சக்ரவர்த்தி,NOUN
பட்டத்தரசி,NOUN
வபுஷ்டையுடன்,NOUN
உள்ளே,VERB
வந்தார்,VERB
குருவம்சத்தின்,NOUN
ஐம்பத்திரண்டாவது,_
தலைமுறையைச்சேர்ந்த,ADJ
ஜனமேஜயன்,NOUN
தன்,NOUN
பதின்மூன்றாவது,_
வயதில்,NOUN
மன்னனானபோது,ADV
அவன்,NOUN
வெல்வதற்கு,VERB
நாடுகள்,NOUN
ஏதும்,VERB
இருக்கவில்லை,VERB
அவன்,NOUN
தீர்ப்பதற்குரிய,ADJ
சிக்கல்களேதும்,VERB
எஞ்சவில்லை,VERB
அவன்,NOUN
சித்தமோ,NOUN
எரிதழல்,NOUN
காற்றை,NOUN
உணர்வதுபோல,NOUN
காலத்தை,NOUN
ஒவ்வொரு,NOUN
கணமும்,VERB
அறிந்துகொண்டிருந்தது,VERB
ஆகவே,NOUN
அவன்,NOUN
பகடையாட்டத்தில்,NOUN
ஈடுபாடுகொண்டவனாக,VERB
ஆனான்,VERB
ஏணியும்,ADJ
பாம்பும்,ADJ
கொண்ட,ADP
வரைபடத்தின்,NOUN
கட்டங்களில்,NOUN
மானுடவாழ்க்கையின்,NOUN
அனைத்து,ADJ
விசித்திரங்களும்,ADJ
உறைந்திருப்பதை,NOUN
சிறிது,_
சிறிதாக,ADV
அவன்,NOUN
காண,AUX
ஆரம்பித்தான்,VERB
ஒரு,ADJ
பகடையை,NOUN
புரளவைத்து,_
பன்னிரண்டாகவோ,NOUN
சுழியாகவோ,NOUN
ஆகச்செய்யும்,ADJ
விசையின்,NOUN
மர்மங்களே,NOUN
அவன்,NOUN
சிந்தனையை,VERB
நிறைத்திருந்தன,VERB
இரவில்,NOUN
மென்மையான,ADJ
துவர்ப்பும்,ADV
கசப்பும்,ADJ
கலந்த,ADJ
இனிய,ADJ
மதுவின்,NOUN
போதையில்,NOUN
தூங்கும்போதுகூட,NOUN
அவன்,NOUN
பகடைகளை,NOUN
மனதுக்குள்,VERB
உருட்டிக்கொண்டிருந்தான்,VERB
கனவுக்குள்,NOUN
ஏணிகளில்,NOUN
ஏறி,NOUN
பாம்புகளால்,NOUN
கவ்வப்பட்டு,PROPN
சரிந்து,VERB
மீண்டுவந்தான்,VERB
ஆட்டத்தின்,NOUN
தருணத்தில்,NOUN
ஒருநாள்,NOUN
சேவகன்,VERB
வந்து,AUX
உஜ்ஜாலகத்தில்,NOUN
வசிக்கும்,ADJ
தவமுனிவரான,ADJ
உத்தங்கர்,NOUN
வந்திருப்பதாக,_
சேதி,NOUN
சொன்னபோது,ADV
அவரை,NOUN
விருந்தினருக்கான,ADJ
ஆசிரமத்தில்,NOUN
தங்கவைத்து,_
வேண்டிய,ADJ
காணிக்கைகளைக்,NOUN
கொடுத்து,_
அனுப்பும்படி,ADV
திரும்பிப்பாராமலேயே,VERB
ஆணையிட்டான்,VERB
சேவகன்,NOUN
சென்ற,ADJ
சற்றுநேரத்தில்,NOUN
மரவுரியணிந்த,ADJ
கரிய,ADJ
உடலும்,ADJ
நீண்ட,ADJ
தாடியும்,ADJ
சடைக்கற்றைமுடிகளுமாக,ADV
உத்தங்கர்,VERB
வந்து,AUX
அவன்,NOUN
முன்,ADV
நின்றார்,VERB
உரக்கச்சிரித்தபடி,NOUN
பகடை,NOUN
ஆடுகிறாயா,PROPN
ஆடு,AUX
ஆடு,AUX
உன்,NOUN
குலத்தை,NOUN
ஒருநாளும்,ADJ
நாகத்தின்,NOUN
நாக்கு,NOUN
விட்டுவிடப்போவதில்லைஉன்,NOUN
தந்தையைக்,NOUN
கடித்த,ADJ
நாகம்தான்,PROPN
அந்த,DET
ஆடுகளத்திலும்,VERB
இருக்கிறது,AUX
என்றார்,VERB
அதிர்ச்சியுடன்,NOUN
எழுந்து,VERB
என்ன,NOUN
சொன்னீர்கள்,NOUN
என்,PRON
தந்தையை,NOUN
நாகம்,NOUN
கடித்ததா,NOUN
என்றான்,VERB
ஜனமேஜயன்,VERB
உத்தங்கர்,NOUN
உரக்கச்சிரித்து,VERB
நினைத்தேன்,VERB
ஒவ்வொரு,NOUN
கணமும்,_
நிகழும்,ADJ
விதியின்,NOUN
ஆட்டத்தைப்பற்றிய,ADJ
முழுமையான,ADJ
அறியாமை,NOUN
கொண்டவர்,NOUN
அல்லாமல்,VERB
பிறர்,NOUN
இந்த,DET
போலி,NOUN
ஆடுகளத்தின்,NOUN
முன்,ADV
குனிந்து,_
அமரமுடியாது,VERB
என்றார்,VERB
ஆடு,NOUN
ஆடு,NOUN
உன்னைத்தேடி,NOUN
உனக்கான,ADJ
விஷம்,NOUN
வந்துசேரும்,ADJ
என்றபின்,VERB
திரும்பிச்சென்றார்,VERB
மாமுனிவரே,VERB
என்ன,NOUN
சொல்கிறீர்கள்,NOUN
என்றபடி,NOUN
ஜனமேஜயன்,NOUN
அவர்,PRON
பின்னால்,VERB
சென்றான்,VERB
ஆனால்,ADV
அவர்,PRON
வேகமாக,ADV
திரும்பிச்சென்று,NOUN
அரண்மனையைவிட்டு,VERB
நீங்கிவிட்டார்,VERB
செய்திகேட்டு,PROPN
மயங்கி,NOUN
விழுந்த,ADJ
அவளுடைய,NOUN
நாடியைப்பிடித்து,_
சோதனைசெய்த,ADJ
அரண்மனை,NOUN
மருத்துவச்சிதான்,PROPN
அவள்,NOUN
கருவுற்றிருப்பதைச்,VERB
சொன்னாள்,VERB
கண்விழித்தெழுந்து,_
உடன்கட்டை,NOUN
ஏறவிரும்பி,NOUN
கதறிய,ADJ
அவளை,NOUN
மூத்தவர்கள்,VERB
கட்டுப்படுத்தினர்,VERB
குருவம்சத்தின்,NOUN
விதை,NOUN
வயிற்றில்,NOUN
வளர்கையில்,NOUN
அவள்,NOUN
சிதையேறுவது,_
நூல்நெறியல்ல,VERB
என்றனர்,VERB
விதவைகள்,NOUN
நிறைந்த,ADJ
அந்தப்புரத்தின்,NOUN
குளிர்ந்த,ADJ
அமைதியில்,NOUN
தன்னை,NOUN
பூமியுடன்,NOUN
பிணைக்கும்,ADJ
வயிற்றை,NOUN
தொட்டுத்தொட்டு,PROPN
சபித்தபடி,NOUN
அவள்,NOUN
ஒவ்வொரு,NOUN
நாளாக,VERB
வாழ்ந்தாள்,VERB
நாற்பத்தோராம்,NOUN
நாள்,NOUN
அவளை,NOUN
நதிக்கரைக்கு,NOUN
கொண்டுசென்று,NOUN
வண்ண,NOUN
ஆடைகளையும்,ADJ
அணிகளையும்,ADJ
கூந்தலையும்,ADJ
நீக்கி,VERB
விதவைக்கோலம்,VERB
கொள்ளச்செய்தனர்,VERB
அங்கிருந்து,ADV
மருத்துவச்சிகள்,NOUN
சூழ்ந்த,ADJ
அரண்மனை,NOUN
உள்ளறையின்,NOUN
ஆழத்துக்கு,NOUN
அவள்,AUX
சென்றாள்,VERB
அதன்பின்,NOUN
அவள்,NOUN
அதுவரையிலான,ADJ
வாழ்க்கையை,NOUN
முற்றிலும்,ADJ
மறக்க,VERB
முயன்றுகொண்டிருந்தாள்,VERB
உத்தரநாட்டின்,NOUN
பனிபடிந்த,ADJ
இமயமுகடுகள்,NOUN
வெண்பந்தலாகத்,PROPN
தெரியும்,ADJ
வடதிசையையும்,ADJ
பூவனம்,NOUN
நோக்கி,NOUN
திறக்கும்,ADJ
சாளரங்கள்,NOUN
கொண்ட,ADP
அரண்மனையில்,NOUN
கழித்த,ADJ
தன்,NOUN
இளமைப்பருவத்தையும்,ADJ
அங்கிருந்து,ADV
வெம்மை,NOUN
தகிக்கும்,ADJ
சமவெளியையும்,ADJ
அசைவில்லாததுபோலத்,NOUN
தோன்றும்,ADJ
நீலநதிகளையும்,ADJ
கொண்ட,ADP
இந்த,DET
தேசத்துக்கு,NOUN
வந்ததையும்,ADJ
விளையாட்டுத்தோழனாகிய,ADJ
கணவனை,NOUN
அடைந்ததையும்,ADJ
எல்லாம்,NOUN
பிரக்ஞையால்,NOUN
தேய்த்து,_
தேய்த்து,VERB
அழிக்கப்பார்த்தாள்,VERB
சிந்தை,NOUN
தீப்பற்றி,NOUN
எரியும்போது,ADV
அவளுடைய,NOUN
உடல்,NOUN
நடுநடுங்கி,NOUN
கைவிரல்களெல்லாம்,VERB
முறுக்கிக்கொள்ளும்,VERB
பற்கள்,NOUN
கிட்டித்து,_
உதடுகள்,VERB
கடிபடும்,VERB
அப்போது,ADV
அவளுடன்,NOUN
உத்தரதேசத்தில்,NOUN
இருந்து,ADP
வந்த,ADJ
செவிலி,NOUN
அவள்,NOUN
நாசியில்,NOUN
மயக்கத்தூபத்தைக்,NOUN
காட்டி,VERB
தூங்கவைத்தாள்,VERB
வெளிறி,NOUN
மெலிந்து,_
கன்னங்கள்,NOUN
வறண்டு,NOUN
வாய்,NOUN
புண்ணாகி,NOUN
கண்கள்,NOUN
குழிந்து,_
புதைகுழியிலிருந்து,_
தோண்டி,NOUN
எடுக்கப்பட்ட,ADJ
சடலம்,NOUN
போலிருந்த,ADJ
உத்தரை,NOUN
ஆறுமாதத்திலேயே,NOUN
குழந்தையைப்,VERB
பெற்றெடுத்தாள்,VERB
அக்குழந்தை,NOUN
வெளிவந்த,ADJ
குருதியேகூட,NOUN
செந்நிறமிழந்து,_
மஞ்சளாக,VERB
இருந்தது,AUX
என்றனர்,VERB
மருத்துவச்சிகள்,VERB
குளிர்ந்த,ADJ
கரங்களுடன்,NOUN
நடுங்கும்,ADJ
உதடுகளன்றி,NOUN
உயிரசைவே,NOUN
இல்லாமல்,VERB
கிடந்த,ADJ
அவளைப்போலவே,NOUN
குழந்தையும்,ADJ
அசைவில்லாமல்,VERB
கண்மூடிக்,VERB
கிடந்தது,VERB
மருத்துவச்சி,NOUN
அதை,PRON
மெல்லத்தூக்கி,NOUN
அது,PRON
உயிருடனிருக்கிறதா,NOUN
என்று,PART
பார்த்தாள்,VERB
அதன்,NOUN
உடலுக்குள்,NOUN
எங்கோ,NOUN
மெல்லிய,ADJ
இதயத்துடிப்பை,NOUN
உணர்ந்தது,_
உண்மையா,PROPN
தன்,NOUN
கற்பனையா,PROPN
என,PART
அவள்,NOUN
ஐயம்,AUX
கொண்டாள்,VERB
குருகுலத்தின்,NOUN
அத்தனை,NOUN
வழித்தோன்றல்களும்,ADJ
குருஷேத்ரக்,NOUN
களத்தில்,NOUN
இறந்தபின்,NOUN
எஞ்சிய,ADJ
ஒரே,ADJ
ஒரு,ADJ
குழந்தை,NOUN
என்பதனால்,NOUN
அதன்,NOUN
வருகையை,NOUN
நாடே,AUX
எதிர்பார்த்திருந்தது,VERB
மாமன்னர்,NOUN
யுதிஷ்டிரர்,NOUN
அஸ்வமேத,NOUN
வேள்வி,NOUN
ஒன்றை,NUM
தொடங்கவிருந்த,VERB
நேரம்,VERB
ஐம்பத்தாறுநாட்டு,PROPN
மன்னர்களும்,ADJ
அரண்மனை,NOUN
வளாகத்தில்,NOUN
வந்து,AUX
தங்கியிருந்தனர்,VERB
செய்திகேட்டு,PROPN
யுதிஷ்டிரர்,NOUN
சோர்ந்து,_
முகம்பொத்தி,NOUN
அரியணையில்,VERB
சரிந்துவிட்டார்,VERB
அரண்மனையெங்கும்,ADJ
அழுகுரல்கள்,NOUN
ஒலிக்க,VERB
ஆரம்பித்தன,VERB
வீரகுடி,NOUN
வழக்கப்படி,ADV
குழந்தையை,NOUN
வாளால்,NOUN
போழ்ந்து,_
வடதிசை,NOUN
மயானத்தில்,NOUN
அடக்கம்,NOUN
செய்யவேண்டுமென்று,NOUN
நிமித்திகர்,VERB
சொன்னார்கள்,VERB
பட்டத்தரசி,NOUN
திரௌபதி,NOUN
கண்ணீர்,NOUN
மார்பில்,NOUN
சொட்ட,ADJ
ஓடிச்சென்று,NOUN
நதிக்கரை,NOUN
அரண்மனையில்,NOUN
தங்கியிருந்த,ADJ
யாதவமன்னன்,NOUN
கிருஷ்ணனின்,NOUN
முன்னால்,ADP
நின்றாள்,VERB
ஞானியான,ADJ
அவனே,NOUN
தன்,NOUN
குலத்தை,NOUN
அழியாமல்,VERB
காப்பாற்றவேண்டுமெனக்,VERB
கோரினாள்,VERB
ஈற்றறைக்கு,VERB
வந்து,AUX
குழந்தையைக்,NOUN
கண்டதுமே,NOUN
கிருஷ்ணன்,VERB
புரிந்துகொண்டான்,VERB
அதன்,NOUN
அன்னையின்,NOUN
துயரமெல்லாம்,NOUN
தேங்கிய,ADJ
சிமிழ்,NOUN
போலிருந்தது,VERB
குழந்தை,VERB
இக்கணமே,NOUN
இதை,PRON
இதன்,PRON
அன்னையிடமிருந்து,_
பிரிக்கவேண்டும்,ADJ
ஒரு,ADJ
துளி,NOUN
தாய்ப்பால்கூட,NOUN
இது,PRON
அருந்தக்கூடாது,_
என,PART
கிருஷ்ணன்,VERB
சொன்னான்,VERB
யாதவகுலமருத்துவர்கள்,NOUN
பிரம்மாண்டமான,ADJ
கடற்சிப்பி,NOUN
ஒன்றைத்,NOUN
திறந்து,_
அந்த,DET
உயிருள்ள,_
மாமிசத்தின்,NOUN
வெம்மைக்குள்,NOUN
குழந்தையை,NOUN
வைத்து,VERB
மூடி,NOUN
எடுத்துக்கொண்டு,NOUN
துவாரகைக்கு,VERB
கொண்டுசென்றார்கள்,VERB
துவாரகையில்,NOUN
மேலும்,ADV
நான்குமாதம்,NOUN
உயிருள்ள,_
சிப்பிக்குள்,NOUN
இருந்து,ADP
அது,PRON
வளர்ந்தது,VERB
அக்குழந்தைதான்,PROPN
உன்,NOUN
தந்தை,NOUN
பரீட்சித்,NOUN
என்றார்,VERB
உத்தங்கர்,VERB
உன்,NOUN
பாட்டி,NOUN
உத்தரை,NOUN
அதன்பின்,VERB
உயிர்தரிக்கவில்லை,VERB
தன்,NOUN
உடல்,NOUN
நீங்கி,NOUN
வெளியே,ADV
வந்துகிடந்த,ADJ
குழந்தையை,NOUN
உடைந்த,ADJ
கட்டியிலிருந்து,_
வெளிவந்த,ADJ
சீழைப்,NOUN
பார்க்கும்,ADJ
நிம்மதியுடன்,NOUN
பார்த்தபின்,NOUN
கண்களை,NOUN
மூடி,NOUN
மெல்ல,VERB
விலகிப்படுத்துக்கொண்டாள்,VERB
தன்னிலை,NOUN
மீளாமலேயே,NOUN
நான்காம்,NOUN
நாள்,NOUN
அவள்,AUX
இறந்துபோனாள்,VERB
சிப்பிகளுக்குள்,NOUN
வளர்ந்த,ADJ
சோதனையாலேயே,NOUN
அவனை,NOUN
அனைவரும்,PRON
பரீட்சித்,NOUN
என்று,PART
அழைத்தனர்,VERB
தாயின்,NOUN
இதயத்துடிப்புகள்,NOUN
கேளாமால்,NOUN
முலைச்சுவை,NOUN
அறியாமல்,VERB
பரீட்சித்,VERB
வளர்ந்தான்,VERB
அவன்,NOUN
அறிந்ததெல்லாம்,NOUN
உப்பு,NOUN
சுவைக்கும்,ADJ
கடல்மணத்தை,VERB
மட்டும்தான்,VERB
எஞ்சிய,ADJ
வாழ்நாளெல்லாம்,NOUN
அவன்,NOUN
மண்ணில்,VERB
கால்நிலைக்காதவனானான்,VERB
மண்ணிலிறங்கியதும்,ADJ
உயிர்வெறியுடன்,NOUN
உண்டும்,ADJ
குடித்தும்,ADJ
பரீட்சித்,VERB
வளர்ந்தான்,VERB
நூல்களும்,ADJ
நெறிகளும்,ADJ
வித்தைகளும்,ADJ
கற்றுக்கொடுக்கப்பட்டாலும்,ADJ
அவனுக்கு,NOUN
அவன்,NOUN
குலக்கதைகள்,NOUN
ஏதும்,VERB
சொல்லப்படவேயில்லை,VERB
ஒருமுறைகூட,NOUN
அவன்,NOUN
அஸ்தினபுரிக்கு,VERB
அனுப்பப்படவுமில்லை,VERB
எனவே,ADV
அஸ்தினபுரியை,NOUN
கண்ணுக்குத்தெரியாத,ADJ
இருள்போல,NOUN
நிறைத்திருந்த,ADJ
மாபெரும்,ADJ
போரின்,NOUN
நினைவுகள்,NOUN
எதையும்,VERB
அவனறியவில்லை,VERB
வேட்டையில்,NOUN
விருப்பம்கொண்டவனாகவும்,PRON
நேற்றும்,ADJ
நாளையும்,ADJ
இல்லாத,ADP
துடுக்கு,NOUN
கொண்ட,ADP
இளைஞனாகவும்,PRON
அவன்,AUX
வளர்ந்தான்,VERB
பாட்டிவழி,NOUN
உறவான,ADJ
மாத்ரதேசத்தில்,NOUN
இருந்து,ADP
மாத்ரிதேவியை,VERB
மணம்செய்துகொண்டான்,VERB
பரீட்சித்துக்கு,NOUN
பதினெட்டு,PROPN
வயதிருக்கையில்,NOUN
சக்ரவர்த்தி,NOUN
யுதிஷ்டிரர்,NOUN
அவனை,NOUN
இந்திரப்பிரஸ்தத்தின்,NOUN
இளவரசனாக,ADV
பட்டம்சூட்டி,NOUN
ஆட்சியதிகாரத்தை,NOUN
யுயுத்சுவிடம்,NOUN
கையளித்துவிட்டு,PROPN
தன்,NOUN
சகோதரர்களுடன்,NOUN
மகாபிரஸ்தானம்,VERB
சென்றார்,VERB
ஆனால்,ADV
இருபத்தெட்டு,PROPN
வயதுவரை,NOUN
பரீட்சித்,NOUN
அரசபதவி,NOUN
ஏற்காமல்,VERB
காட்டில்,NOUN
வேட்டையாடி,VERB
அலைந்தான்,VERB
ஜனமேஜயன்,NOUN
சுருதசேனன்,NOUN
உக்ரசேனன்,NOUN
பீமசேனன்,NOUN
என்னும்,ADJ
மைந்தர்கள்,NOUN
பிறந்தபின்னரும்,ADJ
அவன்,NOUN
செங்கோல்,NOUN
ஏந்த,AUX
சித்தமாகவில்லை,VERB
ஆனால்,ADV
குருகுலத்து,_
மன்னர்களின்,_
வாழ்க்கை,NOUN
என்பது,PART
அவர்களை,PRON
நிழலெனத்தொடரும்,ADJ
நாகங்களுடன்,NOUN
அவர்கள்,PRON
ஆடும்,ADJ
ஒரு,ADJ
பகடையாட்டம்,VERB
மட்டுமே,PART
வேட்டைக்காக,ADV
காட்டுக்குச்சென்ற,ADJ
பரீட்சித்,NOUN
அங்கே,ADV
மரத்தடியில்,NOUN
தவம்செய்துகொண்டிருந்த,NOUN
சமீகர்,NOUN
என்ற,PART
முனிவரைக்,VERB
கண்டான்,VERB
பேசாநெறி,NOUN
கொண்ட,ADP
அவரிடம்,NOUN
இந்தப்பாதை,ADV
எங்குசெல்கிறது,_
என்று,PART
கேட்டான்,VERB
அவர்,PRON
பதில்,NOUN
சொல்லாததைக்,NOUN
கண்டு,NOUN
சினம்கொண்டு,NOUN
சட்டென்று,NOUN
திரும்பி,NOUN
அங்கே,ADV
புதரில்,NOUN
நெளிந்த,ADJ
பச்சைப்பாம்பொன்றைப்,NOUN
பிடித்து,_
மரத்திலறைந்து,_
கொன்று,VERB
அவர்,PRON
கழுத்தில்,NOUN
போட்டுவிட்டு,VERB
திரும்பிவிட்டான்,VERB
ஜனமேஜயா,PROPN
அந்தப்பாம்பின்,NOUN
பெயர்,NOUN
ஆனகன்,NOUN
என்றார்,VERB
உத்தங்கர்,VERB
மண்ணுலகை,NOUN
நிறைத்திருக்கும்,ADJ
நாகர்களின்,NOUN
உலகைச்சேர்ந்தவன்,VERB
அவன்,AUX
குருகுலமன்னர்களை,NOUN
ஒவ்வொருகணமும்,_
நாகங்கள்,NOUN
பின்,PROPN
தொடர்ந்துகொண்டிருந்தன,VERB
அன்றைய,NOUN
பணியை,NOUN
ஆனகன்,VERB
செய்துகொண்டிருந்தான்,VERB
ஒவ்வொரு,NOUN
கணமும்,_
ஒரு,ADJ
விதியின்,NOUN
தருணத்தை,NOUN
எதிர்நோக்கியிருந்த,ADJ
நாகங்கள்,NOUN
அந்தக்கணத்திலிருந்து,_
இன்னொரு,NOUN
கதையை,VERB
தொடங்கின,VERB
ஏழு,NOUN
நாகங்கள்,NOUN
ஏழு,NOUN
முனிகுமாரர்களாக,ADV
உருவம்,NOUN
கொண்டு,VERB
சமீகரின்,NOUN
மகன்,NOUN
கவிஜாதனை,VERB
தேடிச்சென்றன,VERB
வடக்குமலைகளில்,NOUN
குரங்குமனிதர்களின்,NOUN
வழிவந்த,ADJ
குலங்களில்,NOUN
ஒன்றைச்சேர்ந்த,ADJ
பெண்ணுக்கும்,ADJ
சமீகருக்கும்,ADJ
பிறந்தவன்,VERB
அவன்,AUX
வனத்தில்,NOUN
கனிகள்தேடச்சென்ற,ADJ
கவிஜாதனை,NOUN
விளையாட,NOUN
அழைத்த,ADJ
நாகங்கள்,NOUN
அவனை,NOUN
எள்ளி,VERB
நகையாடின,VERB
செத்த,ADJ
பாம்பை,NOUN
அணிந்த,ADJ
உன்,NOUN
தந்தை,NOUN
சிவனுக்கு,NOUN
நிகரானான்,VERB
என்றன,VERB
சினம்கொண்ட,ADJ
கவிஜாதன்,NOUN
பரீட்சித்தைத்தேடி,VERB
வந்தான்,VERB
இரவில்,NOUN
தன்,NOUN
அரண்மனை,NOUN
லதாமண்டபத்தில்,NOUN
மதுக்கோப்பையுடன்,NOUN
பரீட்சித்,NOUN
தனித்திருக்கையில்,NOUN
மரங்களின்,NOUN
வழியாக,ADP
குரங்குபோல,NOUN
ஒருவன்,NOUN
தாவித்தாவி,NOUN
வருவதைக்,NOUN
கண்டு,NOUN
எழுந்து,VERB
திகைத்து,VERB
நின்றான்,VERB
அருகே,ADP
வந்து,AUX
இறங்கிய,ADJ
கவிஜாதன்,NOUN
குரங்குமுகத்தில்,NOUN
கடும்சினத்தால்,VERB
சிரிப்பு,NOUN
போல,ADP
விரிந்த,ADJ
பற்களைக்,NOUN
காட்டி,VERB
நான்,PRON
உன்னால்,NOUN
அவமதிக்கப்பட்ட,ADJ
சமீகரின்,VERB
மைந்தன்,VERB
என்,PRON
பெயர்,VERB
கவிஜாதன்,VERB
உன்னிடம்,NOUN
உன்,NOUN
விதியைச்,NOUN
சொல்லிவிட்டுச்,NOUN
செல்வதற்காக,_
வந்தேன்,VERB
என்றான்,VERB
நீ,NOUN
யாரென்று,NOUN
நீ,NOUN
அறியவில்லை,NOUN
நீ,NOUN
என்னவாகப்போகிறாய்,NOUN
என்றும்,_
நீ,AUX
அறியவில்லை,VERB
பிறக்கும்போது,ADV
தன்,NOUN
விதியை,NOUN
எதிர்காலமாகக்,ADV
கொண்டு,VERB
பிறப்பவனே,VERB
மனிதன்,VERB
நீ,NOUN
இறந்தகாலத்தையே,NOUN
விதியாகக்,ADV
கொண்டு,VERB
பிறந்திருக்கும்,VERB
சபிக்கப்பட்டவன்,VERB
பிரமித்து,_
நின்ற,ADJ
பரீட்சித்திடம்,NOUN
கவிஜாதன்,NOUN
சொன்னான்,PROPN
உன்,NOUN
குலவரலாறு,NOUN
முழுக்க,VERB
உன்,NOUN
குருதியில்,NOUN
இருக்கிறது,AUX
அவற்றின்,NOUN
மீது,ADP
ஒரு,ADJ
மெல்லிய,ADJ
பட்டாடையைப்போட்டு,PROPN
மூடிவிட்டுச்,NOUN
சென்றிருக்கிறான்,VERB
யாதவகிருஷ்ணன்,VERB
அதை,PRON
நான்,PRON
இதோ,AUX
கிழிக்கப்போகிறேன்,VERB
நீ,NOUN
குருதிமழையில்,NOUN
பிறந்த,ADJ
எளிய,AUX
காளான்,VERB
அதற்குமேல்,NOUN
ஒன்றுமில்லைஎன்னுடன்,VERB
வா,AUX
உனக்கு,NOUN
நீ,NOUN
பார்த்தேயாகவேண்டிய,ADJ
காட்சியொன்றைக்,VERB
காட்டுகிறேன்,VERB
மொத்த,ADJ
அறிவும்,PRON
அதை,PRON
விலக்கியபோதிலும்,ADJ
பரீட்சித்தால்,VERB
செல்லாமலிருக்க,VERB
முடியவில்லை,VERB
கவிஜாதன்,NOUN
அவனைத்,NOUN
தூக்கி,NOUN
மரக்கிளைகள்,NOUN
வழியாகவே,NOUN
கொண்டு,VERB
சென்றான்,VERB
காடுகளின்,NOUN
மீது,ADP
பரவிய,ADJ
இலைப்பரப்புகளுக்குமேல்,NOUN
நீரில்,NOUN
நீந்துவதுபோலச்,VERB
சென்றுகொண்டிருந்தான்,VERB
அது,PRON
சுக்லபட்ச,NOUN
பதின்மூன்றாவது,VERB
நாள்,AUX
வானத்தில்,NOUN
முழுநிலவு,VERB
நிறைந்திருந்தது,VERB
பின்னிரவில்,NOUN
கவிஜாதன்,NOUN
பரீட்சித்தை,NOUN
ஒரு,ADJ
பெரிய,ADJ
வெட்டவெளிக்குக்,NOUN
கொண்டுசென்று,VERB
இறக்கினான்,VERB
அது,PRON
எந்த,DET
இடம்,ADP
என்று,PART
பரீட்சித்,VERB
வினவினான்,VERB
அஸ்தினபுரியின்,NOUN
ஒவ்வொரு,NOUN
மனமும்,_
அறிந்த,ADJ
இடம்,ADP
முப்பதாண்டுகளாக,ADV
எவருமே,NOUN
வந்திராத,ADJ
இடம்,ADP
என்றான்,VERB
கவிஜாதன்,VERB
இங்கே,NOUN
வருவதற்கு,VERB
மானுடப்பாதைகள்,VERB
இல்லை,AUX
நரிகளின்,_
தடம்,NOUN
மட்டுமே,PART
உள்ளது,AUX
இந்த,DET
மண்ணின்,NOUN
பெயர்தான்,VERB
குருஷேத்ரம்,VERB
ஓவியம்:,VERB
ஷண்முகவேல்,VERB
பெரிதாகப்,NOUN
பார்க்க,PROPN
படத்தின்மேல்,VERB
சொடுக்கவும்,VERB
நிலவின்,NOUN
ஒளியில்,NOUN
கண்ணுக்கு,NOUN
எட்டிய,ADJ
தொலைவுவரை,NOUN
விரிந்திருந்த,ADJ
செம்மண்,NOUN
பொட்டலில்,NOUN
சிறிய,ADJ
கோபுரங்கள்,NOUN
போல,ADP
சிதல்புற்றுகளும்,ADV
ஆங்காங்கே,ADV
ஒரு,ADJ
சிலமுள்மரங்களும்,VERB
நின்றன,VERB
பித்தெழுந்த,ADJ
கனவில்,NOUN
நிற்பவன்,NOUN
போல,ADP
பரீட்சித்,NOUN
அந்த,DET
மண்ணில்,VERB
நின்றான்,VERB
அக்கணமே,NOUN
அவன்,NOUN
அனைத்தையும்,ADJ
தனக்குள்,VERB
கண்டுவிட்டான்,VERB
நிலையழிந்தவனாக,ADV
அந்த,DET
மண்ணில்,NOUN
ஓடி,NOUN
ஓடிச்,VERB
சுழன்றுவந்தான்,VERB
ஒரு,ADJ
புற்றை,NOUN
அவன்,NOUN
உடைத்தபோது,ADV
உள்ளே,NOUN
ஓர்,NOUN
யானையின்,NOUN
எலும்புக்கூடு,NOUN
அதன்,NOUN
மத்தகத்தைப்,NOUN
பிளந்த,ADJ
வேலுடன்,NOUN
இருக்கக்,VERB
கண்டான்,VERB
பின்பு,NOUN
வெறிகிளம்பி,NOUN
ஒவ்வொரு,NOUN
புற்றாக,ADV
உடைத்து,_
உடைத்து,VERB
திறந்தான்,VERB
ஒவ்வொன்றுக்குள்ளும்,ADJ
வெள்ளெலும்புக்,NOUN
குவியல்களைக்,VERB
கண்டான்,VERB
ஒரு,ADJ
தருணத்தில்,NOUN
திகைத்து,_
நின்று,NOUN
பின்பு,NOUN
தளர்ந்து,_
விழுந்தபோது,ADV
அந்த,DET
மண்,NOUN
ஒரு,ADJ
குடல்போல,NOUN
செரித்துக்கொண்டிருப்பதன்,NOUN
ஒலியைக்,VERB
கேட்டான்,VERB
அங்கே,ADV
ஆடும்,ADJ
நிழல்களை,NOUN
கவனிக்கும்படி,ADV
கவிஜாதன்,VERB
சொன்னான்,VERB
ஒளியைக்,NOUN
கண்ட,PROPN
கண்களை,NOUN
நிழலைக்காணும்படி,ADV
பழக்கியபோது,ADV
பரீட்சித்,NOUN
நாகங்களைக்,VERB
கண்டான்,VERB
இருண்ட,ADJ
மெல்லிய,ADJ
நிழலாட்டங்களாக,ADV
நாகங்கள்,NOUN
அங்கே,ADV
நிறைந்திருந்தன,VERB
கண்,NOUN
தெளியும்தோறும்,ADJ
நாகங்கள்,NOUN
பெருகிக்கொண்டே,NOUN
சென்று,VERB
ஒரு,ADJ
கட்டத்தில்,NOUN
கருநாகங்களாலான,ADJ
மாபெரும்,ADJ
வலையொன்றைக்,VERB
காணமுடிந்தது,VERB
நெளிந்துகொண்டிருந்த,ADJ
அந்தவலையில்,NOUN
அந்த,DET
படுகளம்,NOUN
சிக்கி,NOUN
அசைந்துகொண்டிருப்பதாகத்,VERB
தோன்றியது,VERB
அச்சத்துடன்,NOUN
அவன்,NOUN
கவிஜாதனை,NOUN
நெருங்கி,NOUN
அவன்,NOUN
கரங்களை,VERB
பற்றிக்கொண்டான்,VERB
நான்,PRON
காட்டவிரும்பியது,_
இதைத்தான்,VERB
மன்னனே,VERB
நீ,NOUN
நாகங்களின்,NOUN
விளையாட்டுப்பாவை,NOUN
அன்றி,VERB
வேறல்ல,VERB
அதோ,NOUN
சுடர்விடும்,ADJ
அந்த,DET
இரு,NUM
செவ்விழிகளும்,ADJ
நாகங்களின்,NOUN
அரசனான,VERB
தட்சனுடையவை,VERB
இன்றில்,NOUN
இருந்து,ADP
ஏழாம்,NOUN
நாள்,NOUN
மார்கழி,NOUN
மாதம்,NOUN
சப்தரிஷி,NOUN
விண்மீன்கள்,NOUN
ஏழும்,ADJ
ஒரே,ADJ
ராசியில்,NOUN
வந்து,VERB
சேரும்போது,ADV
நீ,NOUN
அவன்,NOUN
விஷக்கடியை,NOUN
ஏற்று,NOUN
உயிர்விடுவாய்,NOUN
என்றான்,VERB
கவிஜாதன்,VERB
காலையில்,NOUN
பரீட்சித்தை,NOUN
தேடிவந்த,ADJ
சேவகர்கள்,NOUN
அவனைக்காணாமல்,VERB
திகைத்தனர்,VERB
நந்தவனத்தின்,NOUN
வாயில்களேதும்,VERB
திறக்கப்பட்டிருக்கவுமில்லை,VERB
அமைச்சர்களும்,ADJ
பிறரும்,ADJ
சேர்ந்து,_
தேடியபோது,ADV
லதாமண்டபத்திலிருந்த,ADJ
புதர்,NOUN
ஒன்றுக்குள்,NOUN
உடல்,NOUN
நடுங்கி,NOUN
ஒடுங்கியிருந்த,ADJ
மன்னனை,VERB
கண்டுபிடித்தனர்,VERB
காலடியோசை,NOUN
கேட்டதும்,ADJ
அவன்,AUX
அதிர்ந்தான்,VERB
தொடுகையில்,NOUN
அவன்,NOUN
உடல்,NOUN
துள்ளித்துள்ளி,VERB
விழுந்தது,VERB
கண்கள்,NOUN
கலங்கி,NOUN
கலங்கி,NOUN
வழிய,ADJ
பார்வை,NOUN
நிலையற்று,VERB
அலைபாய்ந்தது,VERB
அவனால்,NOUN
ஒரு,ADJ
சொல்லும்,VERB
பேசமுடியவில்லை,VERB
அவனை,NOUN
அள்ளிக்,NOUN
கொண்டுசென்று,VERB
படுக்கவைத்தனர்,VERB
வேகம்,NOUN
மிகுந்த,ADJ
மதுவும்,PRON
சித்தத்தை,NOUN
அமைதிசெய்யும்,ADJ
மருந்துகளும்,ADJ
கொடுத்து,_
மெல்லமெல்ல,NOUN
அவனை,NOUN
மீட்டு,VERB
எடுத்தனர்,VERB
பரீட்சித்,NOUN
அன்றே,NOUN
ரதமேறி,NOUN
கிளம்பிச்சென்று,NOUN
தன்,NOUN
குலகுருவான,ADJ
வைசம்பாயன,NOUN
மகரிஷியைக்,NOUN
கண்டு,NOUN
என்னசெய்வதென்று,VERB
கேட்டான்,VERB
நாகங்கள்,NOUN
காமம்,NOUN
அகங்காரம்,NOUN
என்னும்,ADJ
ஆதிஇச்சைகளின்,VERB
பருவடிவங்கள்,VERB
ஆதி,NOUN
இச்சைகளை,NOUN
வென்றவனை,NOUN
நாகங்கள்,ADV
அண்டமுடியாது,_
என்று,PART
நெறிநூல்களை,NOUN
ஆராய்ந்து,_
வைசம்பாயனர்,VERB
பதிலுரைத்தார்,VERB
அத்தனை,NOUN
இச்சைகளையும்,_
அணைத்து,VERB
விட்டு,AUX
தனக்குள்,NOUN
தானே,NOUN
நிறைந்து,_
தனித்திருந்தால்,VERB
நாகங்கள்,NOUN
தீண்டவே,NOUN
முடியாதென்று,VERB
வழிசொன்னார்,VERB
ஆனால்,ADV
அது,PRON
மனிதர்களுக்கு,VERB
எளியதல்ல,VERB
ஐந்தும்,ADJ
அடக்கி,NOUN
அகத்தையும்,ADJ
வென்ற,ADJ
முனிவர்களே,VERB
தோற்றுவிடுவார்கள்,VERB
எனக்கு,PRON
வேறு,NOUN
வழியில்லை,NOUN
குருநாதரே,NOUN
என்றான்,VERB
பரீட்சித்,VERB
தன்,NOUN
அவைச்சிற்பிகளை,NOUN
அழைத்து,_
அன்று,ADP
மாலைக்குள்,NOUN
ஒரு,ADJ
தவச்சாலையை,VERB
அமைத்தான்,VERB
அஸ்தினபுரிக்கு,NOUN
கிழக்கே,NOUN
இருந்த,ADJ
ஏரிக்குள்,NOUN
எட்டு,PROPN
தூண்களின்மீது,_
அந்தச்,DET
சாலை,AUX
அமைந்தது,VERB
அரச,NOUN
உடைகளைக்,NOUN
களைந்து,_
துறவுக்குரிய,ADJ
மரவுரி,NOUN
அணிந்து,_
தன்,NOUN
நாட்டை,NOUN
அமைச்சர்களிடம்,NOUN
ஒப்படைத்துவிட்டு,PROPN
தன்,NOUN
உடைமைகளனைத்தையும்,ADJ
அறிஞர்களுக்கும்,ADJ
எளியவர்களுக்கும்,ADJ
கொடையளித்துவிட்டு,PROPN
பரீட்சித்,NOUN
அதற்குள்,VERB
தஞ்சம்புகுந்தான்,VERB
அறவோர்,NOUN
வகுத்த,ADJ
கடும்,ADJ
நோன்புகள்,NOUN
வழியாக,ADP
தன்,NOUN
காமத்தையும்,ADJ
அகங்காரத்தையும்,ADJ
முழுமையாகவே,NOUN
தன்னிலிருந்து,VERB
இறக்கிவைத்தான்,VERB
அச்சத்தால்,VERB
நடுங்கும்,ADJ
உடலுடன்,NOUN
தன்,NOUN
நிழலை,NOUN
தானே,NOUN
பார்த்துக்கொண்டு,NOUN
அந்தச்,DET
சாலைக்குள்,NOUN
அவன்,AUX
தனித்திருந்தான்,VERB
விதியின்,NOUN
தூதனாக,ADV
வந்த,ADJ
தட்சன்,NOUN
அந்த,DET
நீரரணுக்கு,NOUN
வெளியே,ADV
ஆறுநாட்கள்,NOUN
பரீட்சித்தின்,NOUN
நோன்பின்,NOUN
ஒவ்வொரு,NOUN
கணத்தையும்,ADJ
கவனித்தபடி,NOUN
இமையா,PROPN
விழிகளுடன்,VERB
காத்திருந்தான்,VERB
விதியின்,NOUN
திட்டத்தை,NOUN
பரீட்சித்,NOUN
தன்,NOUN
நெறியால்,NOUN
வென்றுவிட்டானென்று,NOUN
அவன்கூட,VERB
நினைத்தான்,VERB
ஏழாம்நாள்,NOUN
இரவில்,NOUN
நடுச்சாமம்,NOUN
முடிவதற்கு,VERB
ஒருநாழிகைக்கு,NOUN
முன்னால்,ADP
தன்னைக்,NOUN
காணவந்த,ADJ
வைதிகன்,NOUN
ஒருவனிடம்,NOUN
பரீட்சித்,NOUN
எனக்கு,PRON
இனி,ADV
சோதனைகளேதுமில்லை,VERB
நான்,PRON
காமத்தையும்,ADJ
அகங்காரத்தையும்,ADJ
முற்றிலும்,ADV
வென்றுவிட்டேன்,NOUN
என்று,PART
சொன்னபோது,ADV
அந்த,DET
அகங்காரத்தையே,NOUN
காரணமாகக்,ADV
கொண்டு,VERB
தட்சன்,NOUN
ஒரு,ADJ
சிறுபுழுவின்,NOUN
வடிவில்,NOUN
பரீட்சித்தின்,NOUN
தவச்சாலைக்குள்,VERB
நுழைந்தான்,VERB
அன்றிரவு,NOUN
பரீட்சித்,NOUN
தன்,NOUN
நோன்புணவுக்காக,ADV
மாதுளம்பழமொன்றை,NOUN
எடுத்தபோது,ADV
தட்சன்,NOUN
அதற்குள்ளிருந்து,_
சிறிய,ADJ
சிவந்த,ADJ
புழுவாகக்,ADV
கிளம்பி,NOUN
பரீட்சித்தின்,NOUN
உதடுகளில்,VERB
விஷமுத்தமிட்டான்,VERB
குருவம்சத்தின்,NOUN
ஐம்பத்தோராவது,_
மன்னனும்,ADJ
நாகங்களின்,NOUN
விளையாடலுக்கு,VERB
இரையானான்,VERB
உத்தங்கரின்,NOUN
கதையைக்கேட்டு,PROPN
ஜனமேஜயன்,NOUN
கண்ணீர்,VERB
வடித்தான்,VERB
திரும்பி,NOUN
வந்தவன்,NOUN
சூதர்கள்,NOUN
அனைவரையும்,ADJ
வரவழைத்து,_
தன்,NOUN
குலக்கதைகள்,NOUN
அனைத்தையும்,ADJ
ஒன்றுகூட,NOUN
மிச்சமில்லாமல்,VERB
பாடக்கேட்டான்,VERB
நாகங்களின்,NOUN
வலையில்,NOUN
சிக்கிய,ADJ
சிறு,NOUN
பூச்சிகளே,NOUN
தானும்,ADJ
தன்குலத்து,NOUN
மூதாதையரனைவரும்,ADJ
என,PART
உணர்ந்தபின்பு,NOUN
தன்,NOUN
குலகுருவான,ADJ
வைசம்பாயனரை,NOUN
அழைத்து,_
ஆலோசனை,VERB
கேட்டான்,VERB
சர்ப்பசாந்தி,NOUN
வேள்விகள்,NOUN
வழியாக,ADP
நாகங்களை,VERB
நிறைவுசெய்யலாம்,VERB
அது,PRON
ஒன்றே,NOUN
வழி,NOUN
என்றார்,VERB
வைசம்பாயனர்,VERB
அந்த,DET
வேள்விகளால்,NOUN
நாகங்களை,NOUN
முழுமையாகவே,ADV
தடுத்துவிடமுடியுமா,NOUN
என்று,PART
கேட்டான்,VERB
ஜனமேஜயன்,VERB
ஒருபோதும்,VERB
முடியாது,AUX
நாகங்கள்,NOUN
தங்கள்,PRON
நிழல்களில்,NOUN
இருந்தே,NOUN
மீண்டும்,VERB
முளைத்தெழக்கூடியவை,VERB
ஒவ்வொரு,NOUN
உடலிலும்,_
நாகங்கள்,NOUN
உள்ளன,AUX
மிருகங்களில்,NOUN
வாலாகவும்,PRON
நாவாகவும்,PRON
இருப்பவை,VERB
நாகங்களே,VERB
மனிதர்களின்,NOUN
கைநகங்களெல்லாம்,NOUN
நாகத்தின்,NOUN
பற்களே,NOUN
என்றார்,VERB
வைசம்பாயனர்,VERB
குருநாதரே,NOUN
இனி,ADV
இந்த,DET
மண்ணில்,NOUN
குருஷேத்ரங்கள்,VERB
நிகழக்கூடாது,VERB
இனிமேல்,NOUN
மானுடக்குருதி,NOUN
மண்ணில்,VERB
விழக்கூடாது,VERB
அதற்கான,_
வழி,NOUN
உண்டா,NOUN
அதை,PRON
மட்டும்,ADV
சொல்லுங்கள்,NOUN
என்றான்,VERB
ஜனமேஜயன்,VERB
நூல்களை,NOUN
ஆராய்ந்து,_
வைசம்பாயனர்,VERB
ஆம்,AUX
உண்டு,NOUN
என்று,PART
சொன்னார்,VERB
அது,PRON
தேவர்களும்,ADJ
அசுரர்களும்கூட,NOUN
நினைக்கமுடியாத,VERB
வழி,AUX
காமமும்,_
அகங்காரமுமாக,ADV
ஈரேழு,NOUN
உலகையும்,ADJ
நிறைத்திருக்கும்,ADJ
நாகர்களை,NOUN
இந்த,DET
மண்ணிலிருந்தும்,ADJ
விண்ணிலிருந்தும்,ADJ
பாதாளத்திலிருந்தும்,ADJ
முழுமையாகவே,VERB
அழிக்கவேண்டும்,VERB
அதற்குரிய,ADJ
பூதயாகம்,NOUN
ஒன்றை,NUM
அதர்வவேதம்,VERB
சொல்கிறது,VERB
அதன்,NOUN
பெயர்,NOUN
சர்ப்பசத்ர,VERB
வேள்வி,VERB
அந்தவேள்வியை,NOUN
முழுமையாக,ADV
நாம்,PRON
நடத்திமுடித்தால்,VERB
மனிதகுலத்தின்,NOUN
உள்ளங்களுக்குள்,NOUN
உறைந்து,_
கிடக்கும்,ADJ
மொத்த,ADJ
இருட்டையும்,ADJ
அந்த,DET
வேள்வித்தீயில்,NOUN
எரித்து,VERB
அழிக்கமுடியும்,VERB
கடைசி,NOUN
பாம்பும்,ADJ
எரிந்து,_
அழியும்போது,ADV
மனிதகுலத்தின்,NOUN
உள்ளங்கள்,NOUN
முழுக்க,VERB
தூய,NOUN
வெளிச்சம்,NOUN
மட்டும்தான்,VERB
மிச்சமிருக்கும்,VERB
அங்கே,ADV
போட்டியும்,ADJ
பொறாமையும்,VERB
இருக்காது,VERB
காமமும்,_
வெறுப்பும்,ADJ
இருக்காது,_
அதற்குப்பின்,NOUN
உலகத்தில்,NOUN
தீமையே,NOUN
இருக்காது,_
மனிதகுலத்தில்,NOUN
போரே,AUX
நடக்காது,VERB
அதைசெய்கிறேன்,NOUN
குருநாதரே,NOUN
என,PART
ஜனமேஜயன்,NOUN
தன்,NOUN
ஆசிரியரின்,NOUN
கால்களை,VERB
பற்றிக்கொண்டான்,VERB
என்,PRON
அரசு,NOUN
செல்வம்,NOUN
அனைத்தையும்,ADJ
அதன்பொருட்டு,VERB
செலவிடுகிறேன்,VERB
அதற்காகவே,VERB
வாழ்கிறேன்,VERB
அதற்காக,ADV
எதற்கும்,ADJ
சித்தமாக,ADV
இருக்கிறேன்,NOUN
கண்ணீருடன்,NOUN
அவன்,NOUN
சொன்னான்,PROPN
குருஷேத்ர,NOUN
மண்ணில்,NOUN
செத்து,VERB
விழுந்த,ADJ
ஐந்துலட்சம்,NOUN
மனிதர்களிடம்,NOUN
நான்,PRON
சொல்லவிரும்புகிறேன்,NOUN
குருநாதரே,NOUN
எங்கள்,NOUN
மூதாதையர்களே,NOUN
நீங்கள்,PRON
நிம்மதியாக,VERB
உறங்குங்கள்,VERB
இனிமேல்,NOUN
நாங்கள்,PRON
போர்,NOUN
செய்ய,AUX
மாட்டோம்,VERB
இனிமேல்,NOUN
நாங்கள்,PRON
சகமனிதனை,NOUN
வெறுக்க,VERB
மாட்டோம்,VERB
நீங்கள்,PRON
உங்கள்,NOUN
உயிரைக்கொடுத்து,_
கற்றுத்தந்த,ADJ
பாடத்தை,NOUN
நாங்கள்,PRON
கற்றுக்கொண்டோம்,VERB
அப்படியொரு,NOUN
சொல்லை,NOUN
என்னால்,NOUN
சொல்லமுடிந்தால்,VERB
நான்,PRON
குருகுலத்தின்,NOUN
வாழ்க்கையை,NOUN
நிறைவுசெய்தவன்,VERB
ஆவேன்,VERB
களத்தில்பட்ட,ADJ
அத்தனை,NOUN
குருவம்சத்தினருக்கும்,ADJ
என்,PRON
கடனைச்,VERB
செய்தவனாவேன்,VERB
ஜனமேஜயனின்,NOUN
ஆணைப்படி,ADV
இருபதாண்டுகாலம்,NOUN
முயன்று,NOUN
வைசம்பாயனர்,NOUN
சர்ப்பசத்ர,NOUN
வேள்வியை,VERB
ஒருங்கிணைத்தார்,VERB
நான்குமாதங்கள்,NOUN
எட்டுத்திசைகளிலும்,ADJ
நடந்த,ADJ
உபவேள்விகள்,NOUN
வழியாக,ADP
சமித்துகளை,VERB
சேர்த்தார்,VERB
அதற்காக,ADV
பாரதவர்ஷமெங்கணும்,ADJ
இருந்து,ADP
முனிவர்களையும்,ADJ
வைதிகர்களையும்,ADJ
பண்டிதர்களையும்,VERB
வரவழைத்தார்,VERB
பாரதவர்ஷத்தின்,NOUN
ஐம்பத்தாறு,NOUN
தேசங்களிலிருந்தும்,ADJ
வேள்விநெருப்புக்குரிய,ADJ
ஆயிரத்தி,NOUN
எட்டு,PROPN
அவிப்பொருட்களை,VERB
சேர்த்தார்,VERB
பங்குனி,PROPN
மாதம்,NOUN
கிருஷ்ணபக்‌ஷம்,NOUN
முதல்நாளில்,NOUN
அரண்மனை,NOUN
அருகே,ADP
எழுப்பப்பட்ட,ADJ
வேள்விக்கூடத்தில்,NOUN
மகாசர்ப்பசத்ர,NOUN
வேள்வி,VERB
தொடங்கியது,VERB
முப்பத்துமுக்கோடி,NOUN
வானவரும்,ADJ
மும்மூர்த்திகளும்,ADJ
மூதாதையரும்,ADJ
அவியளித்து,VERB
நிறைவுசெய்யப்பட்டனர்,VERB
திசைத்தேவர்களும்,ADJ
விண்ணகமுனிவர்களும்,ADJ
வேதமூர்த்திகளும்,VERB
மகிழ்விக்கப்பட்டனர்,VERB
காவல்பூதங்களும்,ADJ
கானகதேவதைகளும்,VERB
கனியச்செய்யப்பட்டனர்,VERB
வேள்விமங்கலம்,NOUN
நிறைவடைந்தபின்,NOUN
நாற்பதுநாட்களுக்குப்பின்பு,NOUN
பூர்ணாகுதி,NOUN
நிகழவேண்டிய,ADJ
இறுதி,NOUN
நாள்,AUX
அன்று,ADP
ஆடிமாதம்,NOUN
வளர்பிறை,VERB
ஐந்தாம்நாள்,VERB
சர்பசத்ரவேள்விப்பந்தலில்,NOUN
பெருமுரசம்,NOUN
தொலைதூர,NOUN
இடியோசை,NOUN
போல,ADP
முழங்க,VERB
மணிமுடி,NOUN
சூடி,NOUN
உள்ளே,NOUN
நுழைந்தபோது,ADV
ஜனமேஜயன்,NOUN
தன்,NOUN
இளமைக்கால,NOUN
நினைவொன்றில்,NOUN
அலைந்து,VERB
கொண்டிருந்தார்,VERB
அவரும்,ADJ
தம்பியர்,NOUN
உக்ரசேனனும்,ADJ
சுருதசேனனும்,ADJ
பீமனும்,ADJ
சிறுவர்களாக,ADV
வனலீலைக்குச்,NOUN
சென்றபோது,ADV
நடந்தது,VERB
அது,PRON
யமுனைநதிக்கரையில்,NOUN
அவர்கள்,PRON
சிறுவேட்டையாடியும்,ADJ
மரங்களிலாடியும்,ADJ
நீரில்,NOUN
துழாவியும்,VERB
விளையாடினர்,VERB
ஜனமேஜயன்,NOUN
தன்,NOUN
தம்பி,NOUN
சுருதசேனனிடம்,NOUN
வேள்விசெய்து,_
விளையாடலாமெனச்,VERB
சொன்னான்,VERB
சத்ரியர்கள்,NOUN
செய்யவேண்டிய,ADJ
வேள்விச்சடங்குகள்,NOUN
அவர்களுக்கு,PRON
அப்போதுதான்,ADV
கற்பிக்கப்பட்டிருந்தன,VERB
நதிக்கரையில்,NOUN
கல்லடுக்கி,NOUN
வேள்விக்குளம்,NOUN
அமைத்து,VERB
சமித்துகள்,NOUN
பொறுக்கிச்,NOUN
சேர்த்து,ADP
அரணிக்கட்டை,NOUN
உரசி,NOUN
நெருப்பாக்கி,NOUN
அவர்கள்,PRON
வேள்வியைத்,VERB
தொடங்கினர்,VERB
வேட்டையாடி,NOUN
கொண்டுவந்திருந்த,ADJ
மாமிசத்தையும்,ADJ
காட்டுமலர்களையும்,ADJ
காய்களின்,NOUN
நெய்யையும்,ADJ
ஆகுதியாக,VERB
வைத்தனர்,VERB
வேள்விக்குதிரை,NOUN
இல்லையே,NOUN
என்று,PART
சுருதசேனன்,VERB
கேட்டான்,VERB
காட்டிலிருந்து,_
ஏதாவது,_
ஒரு,ADJ
மிருகத்தை,NOUN
கொண்டுவா,NOUN
என்று,PART
ஜனமேஜயன்,VERB
சொன்னான்,VERB
தம்பியர்,NOUN
மூவரும்,ADJ
புதர்களை,NOUN
துழாவுகையில்,NOUN
குழிக்குள்,NOUN
கிடந்த,ADJ
ஒரு,ADJ
நாய்க்குட்டியைக்,VERB
கண்டனர்,VERB
எட்டு,PROPN
நாட்களுக்கு,NOUN
முன்,ADV
காட்டுநாய்,NOUN
ஒன்று,NUM
பெற்றிட்டது,VERB
அந்தக்குட்டி,VERB
அதை,PRON
அதன்,NOUN
அன்னை,NOUN
ஷிப்ரதேஜஸ்,PROPN
என,PART
அழைத்தது,VERB
வேட்டைக்குச்,NOUN
சென்ற,ADJ
அன்னை,NOUN
கொண்டுவரும்,ADJ
உணவுக்காக,ADV
பசியுடன்,NOUN
காத்திருந்து,_
சலித்து,_
மெல்ல,NOUN
புதருக்குள்,NOUN
இருந்து,ADP
வெளிவந்து,_
அது,PRON
முந்தையநாள்,NOUN
திறந்த,ADJ
புத்தம்புதிய,ADJ
கண்களால்,NOUN
உலகத்தைப்பார்த்தபோதுதான்,PROPN
அவர்கள்,PRON
அதைக்கண்டடைந்தனர்,VERB
அதை,PRON
சுருதசேனன்,NOUN
தூக்கிக்கொண்டு,VERB
வந்தான்,VERB
அதையே,NOUN
வேள்விக்குதிரையாக,ADV
உருவகித்து,_
அதற்கு,PRON
காட்டுக்கொடிகளால்,NOUN
சேணமும்,_
கடிவாளமும்,_
இட்டு,PROPN
வேள்வித்தூணில்,VERB
கட்டினர்,VERB
அதர்வவேத,NOUN
மந்திரங்களை,NOUN
முழக்கி,NOUN
வேள்வியைத்,VERB
தொடங்கினர்,VERB
பசித்த,ADJ
நாய்க்குட்டி,NOUN
நான்குகால்களையும்,ADJ
ஊன்றி,NOUN
திமிறி,NOUN
கழுத்தை,NOUN
கட்டில்,NOUN
இருந்து,ADP
உருவி,NOUN
ஓடிவந்து,_
தன்,NOUN
இயற்கையால்,NOUN
மாமிச,NOUN
வாசனையை,NOUN
வாங்கிக்கொண்டு,NOUN
சிறியவாலை,NOUN
ஆனந்தமாகச்,NOUN
சுழற்றியபடி,NOUN
வேள்விப்பொருளாக,ADV
வைக்கப்பட்டிருந்த,_
மானிறைச்சியை,NOUN
நக்கி,NOUN
உண்ண,AUX
ஆரம்பித்தது,VERB
திரும்பி,NOUN
அதைப்பார்த்த,ADJ
ஜனமேஜயன்,NOUN
தன்,NOUN
கையிலிருந்த,ADJ
தர்ப்பையால்,NOUN
அதன்,NOUN
முகத்தில்,VERB
ஓங்கியறைந்தான்,VERB
தர்ப்பை,NOUN
முட்கள்,NOUN
கண்ணில்,NOUN
குத்த,ADJ
நாய்க்குட்டி,NOUN
விழிகளை,NOUN
இழந்து,_
ஓலமிட்டழுதபடி,NOUN
செடிகளில்,NOUN
முட்டியும்,ADJ
கற்களில்,NOUN
தடுக்கியும்,ADJ
கொடிகளில்,NOUN
சிக்கியும்,ADJ
காட்டுக்குள்,VERB
ஓடியது,VERB
அந்த,DET
ஓலம்,NOUN
விண்ணகத்தில்,NOUN
இருக்கும்,ADJ
நாய்களின்,NOUN
தெய்வமாகிய,ADJ
சரமையின்,NOUN
செவிகளில்,VERB
விழுந்தது,VERB
அந்தச்சிறுநாயில்,NOUN
குடிகொண்டு,NOUN
எழுந்து,VERB
பொன்னிற,ADJ
உடலும்,ADJ
நீண்ட,ADJ
வாலும்,ADJ
அர்க்யமிடக்,NOUN
குவிந்த,ADJ
கரங்கள்,NOUN
போன்ற,ADP
செவிகளுமாக,ADV
ஜனமேஜயன்,NOUN
முன்னால்,ADP
சரமை,VERB
வந்து,AUX
நின்றது,VERB
வேள்விச்சாலைக்குள்,NOUN
புகுந்த,ADJ
மாமன்னனையும்,ADJ
பட்டத்தரசியையும்,ADJ
வைசம்பாயனர்,NOUN
அழைத்துச்சென்று,NOUN
செம்மணிக்கண்கள்,NOUN
விழித்த,ADJ
பொற்சிம்மங்கள்,NOUN
வாய்திறந்து,_
நின்ற,ADJ
ஆசனத்தில்,VERB
அமரச்செய்தார்,VERB
யுதிஷ்டிரர்,NOUN
அமர்ந்த,ADJ
அரியணை,NOUN
என்பதனால்,ADV
தர்மபதம்,NOUN
என்று,PART
அழைக்கப்பட்ட,ADJ
அது,PRON
அறம்,NOUN
வழுவியவர்களை,NOUN
எரித்தழிப்பது,_
என்றனர்,VERB
சூதர்கள்,VERB
குடிமக்களின்,NOUN
வாழ்த்தொலிகளும்,ADJ
வேதகோஷமும்,_
கலந்து,VERB
அருவியொலிபோல,VERB
எழுந்தன,VERB
முனிவர்களின்,NOUN
மலர்களும்,ADJ
வைதிகரின்,NOUN
மங்கலஅரிசியும்,ADJ
அவர்,PRON
மீது,ADP
மழையெனப்,VERB
பொழிந்தன,VERB
யக்ஞ,NOUN
எஜமானராகிய,ADJ
வைசம்பாயனர்,NOUN
கைகூப்பி,NOUN
சக்கரவர்த்திக்கு,VERB
வணக்கம்,VERB
இன்று,ADV
இந்த,DET
வேள்வியின்,VERB
இறுதிநாள்,VERB
இன்றும்,ADJ
தாங்களே,NOUN
வேள்விக்,NOUN
காவலனாக,ADV
அமர்ந்து,_
இதை,PRON
முழுமைசெய்யவேண்டும்,ADJ
என்று,PART
கேட்டுக்கொண்டார்,VERB
ஜனமேஜயன்,NOUN
அவ்வாறே,NOUN
ஆகட்டும்,ADJ
என்றபடி,NOUN
கைகூப்பியபடி,NOUN
சிம்மாசனத்தில்,VERB
அமர்ந்தார்,VERB
அமைச்சர்,NOUN
ஒருவர்,PROPN
ஜனமேஜயன்,PROPN
கையில்,NOUN
பட்டில்,NOUN
சுற்றப்பட்ட,ADJ
நாரதசுருதியின்,NOUN
ஒரு,ADJ
ஏட்டுப்பிரதியை,NOUN
அளிக்க,VERB
தலைமை,NOUN
தளகர்த்தர்,NOUN
மணிகள்,NOUN
ஜொலித்த,ADJ
பொன்,NOUN
உறையுடன்,NOUN
கூடிய,ADJ
சிறிய,ADJ
உடைவாளை,VERB
அளித்தார்,VERB
நால்வருணத்து,_
குடித்தலைவர்,NOUN
நால்வர்,NOUN
சேர்ந்து,_
ஜனமேஜயனின்,NOUN
செங்கோலைக்கொண்டுவந்து,_
அவரிடம்,VERB
அளித்தனர்,VERB
மேலே,NOUN
விரிந்த,ADJ
தாமரைமீது,_
அமுதகலசச்,NOUN
சின்னம்,NOUN
கொண்ட,ADP
பொற்செங்கோலை,NOUN
ஜனமேஜயன்,NOUN
வலக்கையில்,VERB
ஏந்திக்கொண்டார்,VERB
ஓவியம்:,VERB
ஷண்முகவேல்,VERB
வைசம்பாயனர்,NOUN
அவருக்கான,ADJ
பீடத்தில்,NOUN
அமர்ந்துகொண்டதும்,ADJ
முதன்மை,NOUN
ஹோதாவான,ADJ
சண்டபார்க்கவர்,NOUN
எழுந்து,VERB
வணங்கி,NOUN
தர்ப்பையை,NOUN
அவர்,PRON
கையில்,NOUN
கொடுத்து,_
வேள்வியை,NOUN
முடிக்கும்படி,VERB
கோரினார்,VERB
கடலோரத்,NOUN
திராவிடச்சேர,NOUN
நாட்டிலிருந்து,_
வந்திருந்த,ADJ
சண்டபார்க்கவர்,NOUN
பிருகுவின்,NOUN
மைந்தரான,ADJ
சியவன,NOUN
முனிவரின்,NOUN
குருகுலத்தைச்,VERB
சேர்ந்தவர்,VERB
நால்வகை,NOUN
வேதங்களில்,NOUN
அதர்வத்தை,NOUN
முதன்மையாக்கி,NOUN
பூதயாகங்களை,NOUN
முதல்முறைமையாகக்,ADV
கொண்டு,VERB
யோகானுஷ்டானங்கள்,NOUN
வழியாக,ADP
பிரம்மத்தை,NOUN
அணுகும்,ADJ
சியவன,NOUN
முறை,NOUN
தென்மேற்குத்,NOUN
திராவிடத்திலும்,_
வங்கத்திலும்,ADJ
மட்டுமே,PART
தழைத்திருந்தது,VERB
சண்டபார்க்கவர்,NOUN
தர்ப்பையை,NOUN
நாகவிரலில்,NOUN
கட்டுவதைக்,NOUN
கண்டதுமே,NOUN
ஆஸ்திகன்,NOUN
அவர்,PRON
தான்,PART
கற்ற,ADJ
சியவன,NOUN
குருகுலத்தவர்,NOUN
என்பதைக்,VERB
கண்டுகொண்டான்,VERB
முரசுகள்,NOUN
மீண்டும்,ADJ
முழங்கியதும்,ADV
அதுவரை,NOUN
இருந்த,ADJ
ரித்விக்குகள்,NOUN
எழுந்து,VERB
புதியவர்கள்,VERB
அமர்ந்துகொண்டனர்,VERB
அனைவரும்,PRON
கரடித்தோலை,VERB
போர்த்தியிருந்தனர்,VERB
ஒவ்வொருவரின்,NOUN
பின்னாலும்,ADJ
உபஹோதாக்கள்,NOUN
அமர்ந்து,_
சமித்துக்களை,NOUN
எடுத்துக்கொடுக்க,VERB
அவர்கள்,PRON
கடைசிகட்ட,ADJ
ஆகுதிகளை,VERB
ஆரம்பித்தனர்,VERB
எளியவையும்,ADJ
அரியவையுமான,ADJ
நீரும்,ADJ
இலைகளும்,ADJ
மலர்களும்,ADJ
முதல்கட்டத்தில்,NOUN
நெருப்புக்கு,VERB
அளிக்கப்பட்டன,VERB
அரியவையும்,ADJ
இன்றியமையாதவையுமான,ADJ
நெய்யும்,ADJ
உணவும்,PRON
ஆடைகளும்,ADJ
அதன்பின்னர்,NOUN
அவியாக,VERB
பொழியப்பட்டன,VERB
அதன்பின்,NOUN
அரியவையும்,ADJ
அற்பமானவையும்,ADJ
மாமன்னர்கள்,NOUN
படைதிரட்டி,NOUN
ஒருவரையொருவர்,NOUN
கொன்றுகுவிக்கக்,ADV
காரணமாக,ADV
அமைந்தவையுமான,ADJ
நவமணிகள்,VERB
அவியிடப்பட்டன,VERB
வேள்விச்சாலையில்,NOUN
ஒவ்வொருவர்,NOUN
கண்களும்,ADJ
அவற்றிலேயே,VERB
பதிந்திருந்தன,VERB
கண்ணீர்த்துளிகள்போல,NOUN
குருதித்திவலைகள்,NOUN
போல,ADP
விந்துச்சொட்டுகள்,NOUN
போல,ADP
அவை,NOUN
நெருப்பில்,NOUN
விழுந்தபோது,ADV
அரங்கெங்கும்,ADJ
நெடுமூச்சுகள்,VERB
எழுந்தன,VERB
பூதயாகத்திற்கென,NOUN
நவத்துவாரங்களையும்,ADJ
மூடி,NOUN
முறைப்படி,ADV
கொல்லப்பட்ட,ADJ
மானின்,NOUN
இறைச்சியும்,ADJ
பன்றியின்,NOUN
இறைச்சியும்,ADJ
பசுங்கன்றின்,NOUN
இறைச்சியும்,VERB
அவியாக்கப்பட்டன,VERB
சத்வ,NOUN
தமோ,NOUN
ரஜோ,NOUN
குணம்,NOUN
கொண்ட,ADP
அவை,NOUN
விண்ணாளும்,ADJ
தேவர்களுக்கு,VERB
உணவாயின,VERB
பாதாளமூர்த்திகளுக்கு,NOUN
காகங்களும்,ADJ
நீர்த்தவளைகளும்,ADJ
தேரட்டைகளும்,ADJ
மீன்களும்,VERB
அவியாக்கப்பட்டன,VERB
பறப்பவையும்,ADJ
தாவுபவையும்,ADJ
ஊர்பவையும்,ADJ
நீந்துபவையுமான,ADJ
அத்தெய்வங்களெல்லாம்,NOUN
அவிபெற்று,VERB
பசியடங்கின,VERB
கடைசியாக,ADV
சண்டபார்க்கவரும்,ADV
அவருடன்,NOUN
வந்த,ADJ
பதினெட்டு,PROPN
ஹோதாக்களும்,ADJ
தம்,NOUN
வலக்கைகளைக்,NOUN
கிழித்து,_
சொட்டிய,ADJ
குருதியை,VERB
அவியாக்கினர்,VERB
யாகநெருப்பு,NOUN
பலாசவிறகையும்,ADJ
ஆலமர,NOUN
விழுதையும்,ADJ
உண்ணும்,ADJ
அதே,NOUN
பாவனையில்,NOUN
அவற்றை,PRON
எல்லாம்,NOUN
உண்டு,NOUN
நின்றாடியதை,NOUN
ஆஸ்திகன்,VERB
கண்டான்,VERB
அதர்வ,NOUN
வேத,NOUN
சூக்தங்கள்,NOUN
வானிலிருந்து,_
இழியும்,ADJ
அருவியின்,NOUN
ஓசையில்,NOUN
துதிக்கை,NOUN
தூக்கி,NOUN
பிளிறும்,ADJ
மதகரியின்,NOUN
குரலில்,NOUN
நிலத்தை,NOUN
அறைந்து,_
கர்ஜிக்கும்,ADJ
சிம்மத்தின்,NOUN
ஒலியில்,VERB
கேட்டுக்கொண்டிருந்தன,VERB
பின்பு,NOUN
வைசம்பாயனர்,NOUN
எழுந்து,VERB
கை,NOUN
கூப்பினார்,NOUN
இன்று,ADV
சிராவண,NOUN
மாதம்,VERB
சுக்லபஞ்சமி,VERB
இதோ,NOUN
வேள்விநெருப்புக்கு,NOUN
அன்னத்தை,NOUN
அவியாக,ADV
அளிப்பது,_
முழுமையாகி,VERB
விட்டது,AUX
வைதிகர்களே,NOUN
ஐம்பூதங்களும்,ADJ
வேள்வியால்,NOUN
இப்போது,ADV
தூய்மையாகிவிட்டன,VERB
நாம்,PRON
நம்,NOUN
அகங்காரத்தின்,NOUN
அடையாளமாக,ADV
நம்மிடமிருக்கும்,ADJ
அனைத்துப்,NOUN
பொருட்களையும்,ADJ
இந்தத்,DET
தழலுக்கு,NOUN
உணவாக்கி,NOUN
விட்டோம்இனி,PROPN
நம்,NOUN
மனங்களில்,NOUN
உள்ள,ADJ
காமத்தையும்,ADJ
குரோதத்தையும்,ADJ
மோகத்தையும்,ADJ
இந்த,DET
நெருப்பிலே,NOUN
அவிஸாக்குவோம்,VERB
என்றார்,VERB
ரித்விக்குகளுடனும்,ADJ
ஹோதாக்களுடனும்,ADJ
இணைந்து,_
அங்கிருந்த,ADJ
அனைவரும்,PRON
தங்கள்,PRON
நெஞ்சிலிருந்து,_
எண்ணங்களை,NOUN
கையால்,NOUN
அள்ளி,NOUN
தீயில்,NOUN
போடுவது,_
போல,ADP
சைகை,NOUN
காட்ட,ADJ
அவற்றையெல்லாம்,NOUN
ஏற்றுக்கொண்டதுபோல,NOUN
தீ,NOUN
பின்வாங்கி,NOUN
கருகி,NOUN
பின்னர்,ADV
மேலே,NOUN
எழுந்து,VERB
படபடத்தது,VERB
ஆஸ்திகன்,NOUN
நெளியும்,ADJ
பல்லாயிரம்,NOUN
சர்ப்பங்களைப்போல,NOUN
அந்தக்,DET
கைகளை,VERB
உணர்ந்தான்,VERB
தன்னிலிருந்து,_
தன்னை,NOUN
விலக்கும்,ADV
கைகள்,NOUN
ஒரு,ADJ
கட்டத்தில்,NOUN
வெளியிலிருந்து,_
தனக்குள்,NOUN
எதையோ,NOUN
அள்ளி,NOUN
நிரப்புபவையாகத்,VERB
தோன்றின,VERB
அந்தச்சைகைகள்,NOUN
ஒருவகையான,ADJ
ஒத்திசைவை,NOUN
அடைந்த,ADJ
ஒரு,ADJ
கணத்தில்,NOUN
நீலத்தழல்பீடம்,NOUN
மீது,ADP
ஏறிய,ADJ
செந்தழல்,NOUN
எழுந்து,VERB
பறந்து,_
கைநீட்டி,NOUN
வேள்விமண்டபத்தின்,NOUN
கூரைவிளிம்பைப்,NOUN
பற்றிக்கொண்டு,VERB
மேலேறியது,VERB
வேள்விமண்டபத்தின்,NOUN
ஈச்சையோலைக்கூரை,NOUN
தீப்பற்றி,NOUN
செந்நெருப்புத்தழலாட,VERB
எரியத்தொடங்கியது,VERB
தீ,NOUN
வேள்விக்கூடத்தின்,NOUN
கூரையெங்கும்,ADJ
படர்ந்து,_
அவர்கள்,PRON
தலைக்குமேல்,NOUN
செந்நிறக்,NOUN
கூரைபோல,NOUN
நின்று,VERB
எரிந்தது,VERB
அவர்கள்,PRON
அனைவரும்,PRON
மெல்ல,NOUN
உடல்தொய்ந்து,_
அமைய,NOUN
கைகள்,NOUN
தளர்ந்து,_
மடிமீது,VERB
விழுந்தன,VERB
மூச்சொலிகள்,NOUN
மட்டும்,ADV
வேள்விக்கூடத்தில்,VERB
நிறைந்திருந்தன,VERB
வைசம்பாயனர்,NOUN
நாம்,PRON
அனைவரும்,PRON
தூயவர்களானோம்,VERB
என்பது,PART
உண்மை,NOUN
என்றால்,NOUN
இந்த,DET
வேள்விமண்டபத்தில்,NOUN
வருணனே,VERB
வந்து,AUX
எங்களுக்கு,NOUN
சான்று,NOUN
சொல்லட்டும்,ADJ
என,PART
உரக்கக்,VERB
கூவினார்,VERB
வைதிகர்கள்,NOUN
ஓம்,NOUN
அவ்வாறே,NOUN
ஆகட்டும்,ADJ
என,PART
சேர்ந்து,VERB
முழங்கினர்,VERB
மழை,NOUN
பல்லாயிரம்கோடி,NOUN
முள்ரோமக்,NOUN
காலடிகளுடன்,NOUN
நெருங்கிவந்து,_
வேள்விச்சாலையைத்,NOUN
தழுவி,NOUN
அப்பால்,NOUN
செல்ல,VERB
கூரை,AUX
அதிர்ந்தது,VERB
தீநாக்குகள்,NOUN
குன்றி,NOUN
கருகல்முனைகளுக்குள்,VERB
புகுந்துகொண்டன,VERB
வைசம்பாயனர்,NOUN
ரிஷிகளே,NOUN
ரித்விக்குகளே,NOUN
மகா,NOUN
வைதிகர்களே,NOUN
இதோ,NOUN
வருணனே,VERB
வந்து,AUX
நம்மை,PRON
அங்கீகரித்துவிட்டான்,PROPN
இனி,ADV
நம்,NOUN
ஆன்ம,NOUN
சக்தியை,NOUN
முழுக்க,VERB
திரட்டுவோம்,VERB
மனிதகுலத்தின்,NOUN
மொத்தத்,NOUN
தீங்கையும்,ADJ
திரட்டி,NOUN
இந்த,DET
வேள்விச்சாலைக்குக்,NOUN
கொண்டுவருவோம்,VERB
அவற்றை,PRON
இந்த,DET
அக்கினிக்கு,NOUN
அவிஸாக,ADV
ஏற்றுவோம்,VERB
என்றார்,VERB
ஓம்,NOUN
அவ்வாறே,NOUN
ஆகுக,NOUN
என,PART
அவை,AUX
முழங்கியது,VERB
ஆவாஹன,NOUN
வேள்வி,VERB
தொடங்கியது,VERB
அதர்வ,NOUN
மந்திரங்கள்,NOUN
பதினாறு,NOUN
கைகளும்,ADJ
எட்டு,PROPN
முகங்களும்,ADJ
கொண்ட,ADP
உக்கிர,PROPN
ரூபிகளான,ADJ
பாதாளமூர்த்திகள்,NOUN
போல,ADP
எழுந்து,VERB
வந்து,AUX
நின்றன,VERB
மண்ணிலிறங்கிய,ADJ
விண்ணக,NOUN
மின்னல்கள்,NOUN
போல,ADP
வெட்டிவெட்டி,VERB
அதிர்ந்தடங்கின,VERB
அக்கணம்,NOUN
ஒரு,ADJ
அச்சம்,NOUN
நிறைந்த,ADJ
கூச்சல்,VERB
எழுந்தது,VERB
சில,ADJ
வைதிகர்,NOUN
பதறி,NOUN
எழுந்து,VERB
விலகினார்கள்,VERB
அங்கே,ADV
ஒரு,ADJ
பெரிய,ADJ
கருநாகம்,NOUN
முதல்மழையின்,NOUN
ஓடைநீர்,NOUN
போல,ADP
தயங்கி,NOUN
நெளிந்து,_
வருவதை,NOUN
ஆஸ்திகன்,VERB
கண்டான்,VERB
நிலைக்காத,ADJ
வேத,NOUN
ஒலிக்கேற்ப,NOUN
பாம்பு,NOUN
மண்ணில்,NOUN
நீந்திச்சென்று,NOUN
வேள்விக்குளத்தை,NOUN
அணுகி,NOUN
வில்லென,NOUN
வளைந்து,_
தன்னையே,NOUN
அம்பாகச்,NOUN
செலுத்தி,NOUN
தீயில்,NOUN
விழுந்து,_
துடித்து,_
துடித்து,_
எரிந்ததைக்கண்டு,NOUN
ஜனமேஜயன்,VERB
கைகூப்பினார்,VERB
வேள்விக்கூடமெங்கும்,ADJ
பல,ADJ
நாகங்கள்,NOUN
தோன்றி,NOUN
ஊர்ந்து,VERB
வந்து,AUX
வேள்வித்தீயில்,VERB
ஏறிக்கொண்டன,VERB
துண்டிக்கப்பட்ட,ADJ
குரங்கு,NOUN
வால்கள்,NOUN
போன்ற,ADP
சிறிய,VERB
பாம்புகள்,VERB
இருட்டின்,NOUN
தும்பிக்கை,NOUN
நீள்வதுபோல,NOUN
வந்த,VERB
பெரும்பாம்புகள்,VERB
அவர்கள்,PRON
ஒவ்வொருவர்,NOUN
நடுவிலிருந்த,ADJ
இருட்டும்,VERB
பாம்புகளாகியது,VERB
அவர்களின்,NOUN
மடியின்,NOUN
மடிப்புகளுக்குள்,NOUN
இருந்த,ADJ
நிழல்கள்,NOUN
பாம்புகளாக,VERB
மாறின,VERB
அவர்களின்,NOUN
அக்குளுக்குள்,NOUN
இருந்த,ADJ
துளியிருள்,VERB
பாம்பாயிற்று,VERB
பின்,PROPN
அவர்களின்,NOUN
வாய்களுக்குள்ளும்,ADV
நாசிகளுக்குள்ளும்,ADJ
இருந்த,ADJ
நிழல்கள்கூட,NOUN
பாம்புகளாக,ADV
மாறி,NOUN
மண்ணில்,NOUN
நெளிந்துசெல்லக்,VERB
கண்டனர்,VERB
அன்னை,NOUN
மடியில்,NOUN
தாவி,NOUN
ஏறும்,ADJ
குழந்தைகள்,NOUN
போல,ADP
ஆற்றில்,NOUN
கலக்கும்,ADJ
சிற்றோடைகள்,NOUN
போல,ADP
நெருப்பை,NOUN
அணுகி,NOUN
அதில்,PRON
இணைந்துகொண்டன,VERB
அத்தனை,NOUN
பாம்புகளும்,ADJ
வேள்விநெருப்பில்,NOUN
மறைந்ததும்,ADJ
அப்பகுதியெங்கும்,ADJ
எரிதலற்ற,ADJ
ஒளி,NOUN
நிறைந்திருப்பதை,NOUN
அவர்கள்,PRON
கண்டனர்,VERB
ஓவியப்பரப்பு,NOUN
போல,ADP
அவர்களனைவரும்,ADJ
ஒன்றாகிவிட்டதாக,VERB
உணர்ந்தனர்,VERB
நிழல்களெல்லாம்,NOUN
அகன்றுவிட்டதே,NOUN
அதற்குக்,ADV
காரணம்,NOUN
என்று,PART
அவர்களில்,NOUN
சிலரே,VERB
அறிந்தனர்,VERB
குளத்தின்,NOUN
எஞ்சிய,ADJ
நீர்,NOUN
வெளிமடைநோக்கிச்,NOUN
செல்வதுபோல,NOUN
நாகப்பாம்புகள்,NOUN
வேள்விக்குளத்துக்குள்,NOUN
புகுந்து,VERB
மறைந்தன,VERB
முதுமையாலோ,NOUN
மயக்கத்தாலோ,NOUN
ஆங்காங்கே,ADV
தேங்கி,NOUN
வளைந்து,_
கிடந்த,ADJ
சில,ADJ
நாகங்களை,NOUN
ஹோதாக்கள்,NOUN
தர்ப்பைப்புல்,NOUN
நுனியால்,NOUN
மெல்லத்தீண்ட,ADJ
அவை,NOUN
சிலிர்த்து,_
எழுந்து,VERB
வளைந்து,_
வேள்விப்பீடத்தில்,NOUN
தொற்றி,NOUN
ஏறி,NOUN
நெருப்பை,VERB
அடைந்தன,VERB
வைசம்பாயனர்,NOUN
வணங்கி,NOUN
மாமன்னரின்,NOUN
விருப்பம்,NOUN
இதோ,NOUN
முழுமை,VERB
கொண்டது,AUX
இவ்வுலகத்தின்,NOUN
அழுக்குகள்,NOUN
எல்லாம்,NOUN
பொசுங்கி,VERB
விட்டன,AUX
நாளை,ADV
உதித்து,_
எழும்,ADJ
சூரியன்,NOUN
புத்தம்புதிய,ADJ
பூமியை,NOUN
பார்க்கப்போகிறான்,VERB
என்றார்,VERB
அவை,NOUN
அவரது,PRON
சொற்களை,NOUN
ஏற்று,NOUN
ஆரவாரம்,NOUN
செய்தது,AUX
ஆனால்,ADV
கூட்டத்தை,NOUN
தயங்கும்,ADJ
விழிகளால்,NOUN
பார்த்துவிட்டு,PROPN
கைகூப்பி,NOUN
எழுந்த,ADJ
ஜனமேஜயன்,NOUN
வைசம்பாயனரேஇன்னும்,ADJ
தட்சனும்,ADJ
தட்சகியும்,VERB
வரவில்லையே,VERB
என்றார்,VERB
வைசம்பாயனர்,NOUN
அதை,PRON
அப்போதுதான்,ADV
உணர்ந்து,VERB
திகைத்தார்,VERB
ஜனமேஜயன்,NOUN
தட்சன்,VERB
அரசநாகம்,VERB
குன்றாத,ADJ
வீரியத்தின்,VERB
சின்னம்,VERB
அவன்,NOUN
ஒருவன்,NOUN
மிஞ்சினாலே,NOUN
போதும்,ADV
மீதி,NOUN
அனைத்து,ADJ
நாகங்களையும்,ADJ
பாம்புகளையும்,ADJ
அவன்,NOUN
ஒருவனே,VERB
உருவாக்கிவிடுவான்,VERB
என்றார்,VERB
மீண்டும்,ADJ
ஆகுதிகள்,VERB
தொடங்கின,VERB
மீண்டும்,ADJ
குடம்குடமாக,ADV
நெய்யும்,ADJ
சமித்துகளும்,VERB
கொட்டப்பட்டன,VERB
தங்கள்,PRON
அனைத்து,ADJ
நல்வினைகளையும்,VERB
ஆகுதியாக்கினர்,VERB
தங்கள்,PRON
மூதாதையருக்கென,NOUN
அகக்கையில்,NOUN
எஞ்சியிருக்கும்,ADJ
கடைசி,NOUN
பலியுணவையும்,VERB
ஆகுதியாக்கினர்,VERB
தங்கள்,PRON
மரணக்கணத்தில்,NOUN
நாவில்,NOUN
சொட்டவேண்டிய,ADJ
இறுதி,NOUN
நீர்த்துளியையும்,VERB
அளித்தனர்,VERB
அப்போதும்,ADJ
தட்சன்,VERB
வரவில்லை,VERB
வைசம்பாயனர்,NOUN
முதன்மை,NOUN
நிமித்திகனை,NOUN
அழைத்து,_
தட்சன்,ADV
எங்கே,NOUN
என்று,PART
குறிகள்,NOUN
நோக்கி,NOUN
சொல்லும்படி,VERB
ஆணையிட்டார்,VERB
எட்டு,PROPN
திசைமுனைகளில்,NOUN
குருதிச்சொட்டு,PROPN
வீழ்த்தி,NOUN
ஏழு,NOUN
சோழிகளை,NOUN
உருட்டி,NOUN
அவற்றின்,NOUN
நடுவே,NOUN
ஓடும்,ADJ
சரடுகளைக்,NOUN
கணக்கிட்டு,PROPN
நிமித்திகன்,NOUN
சொன்னான்,PROPN
குருநாதரே,NOUN
தட்சன்,NOUN
நேராக,ADV
இந்திரனின்,NOUN
சபைக்குச்,NOUN
சென்று,VERB
அவன்,NOUN
காலடியில்,NOUN
விழுந்து,_
அடைக்கலம்,NOUN
கோரி,AUX
பெற்றிருக்கிறான்,VERB
ஜனமேஜயன்,NOUN
அப்படியென்றால்,NOUN
அந்த,DET
இந்திரனையே,NOUN
இங்கே,ADV
வரவழையுங்கள்,NOUN
என்று,PART
கூவினார்,VERB
வைசம்பாயனர்,NOUN
திகைத்து,NOUN
ஏதோ,_
சொல்லவருகையில்,NOUN
கைநீட்டித்தடுத்து,_
நீங்கள்,PRON
செய்யும்,VERB
வேள்விக்கு,NOUN
ஆற்றலிருந்தால்,VERB
இந்திரனை,NOUN
கொண்டு,VERB
வாருங்கள்,NOUN
என்று,PART
ஜனமேஜயன்,VERB
கூச்சலிட்டார்,VERB
வைசம்பாயனர்,NOUN
சக்ரவர்த்திஇந்திரன்,NOUN
தேவருலகுக்கே,NOUN
தலைவன்,VERB
என்றார்,VERB
ஜனமேஜயன்,NOUN
யாராக,ADV
இருந்தாலும்,ADJ
சரிநான்,PROPN
இந்தவேள்வியை,NOUN
முடிக்காமல்,VERB
விட்டால்,NOUN
இதுவரை,ADV
வாழ்ந்ததற்கே,NOUN
பொருள்,VERB
இல்லைமுடியாது,VERB
இந்த,DET
வேள்வி,NOUN
முடிந்தாகவேண்டும்கட்டிவாருங்கள்,NOUN
இந்திரனை,VERB
என்றார்,VERB
இங்கே,NOUN
இப்போது,ADV
இந்த,DET
வேள்வி,VERB
முழுமையாகவேண்டும்,VERB
மும்மூர்த்திகளையே,NOUN
சிறையிட்டாலும்,ADJ
சரி,AUX
என்றார்,VERB
எரிந்து,_
எழுந்த,ADJ
வேள்விச்சுடரில்,NOUN
அவர்கள்,PRON
தங்கள்,PRON
இறுதி,NOUN
ஆகுதியைச்,VERB
செலுத்தினர்,VERB
தலைமுறைகள்,NOUN
உறங்கும்,ADJ
தங்கள்,PRON
விந்துக்களின்,NOUN
வீரியங்கள்,NOUN
அனைத்தும்,PRON
அவியாகுக,VERB
என்றனர்,VERB
அந்த,DET
மதலைகளைப்,NOUN
பற்றிய,ADP
தங்கள்,PRON
கனவுகளும்,ADJ
எரிந்தழிக,VERB
என்றனர்,VERB
வைசம்பாயனர்,NOUN
இருகைகளையும்,ADJ
விரித்து,_
இந்திரனே,NOUN
எங்கள்,NOUN
வேள்வி,NOUN
முழுமையடைந்தது,_
என்றால்,NOUN
இங்கே,NOUN
வேள்வித்தூணாக,ADV
நடப்பட்டிருக்கும்,_
அத்திமரக்கிளையில்,NOUN
வந்து,AUX
நில்,NOUN
என,PART
கூவினார்,VERB
அப்போது,ADV
வானம்,NOUN
இடியொலியுடன்,NOUN
பிளக்க,VERB
மின்னலின்,NOUN
பாதை,NOUN
ஒன்று,NUM
மண்ணுக்கிறங்கியது,VERB
அந்தமின்னல்,NOUN
தீண்டிய,ADJ
அத்திமரம்,NOUN
எரிய,AUX
ஆரம்பித்தது,VERB
வைசம்பாயனர்,NOUN
இதோ,NOUN
இந்திரன்,NOUN
அத்திமரத்திலே,NOUN
கட்டப்பட்டு,PROPN
நிற்கிறான்,VERB
என்றார்,VERB
இனி,ADV
கூப்பிடுங்கள்,VERB
தட்சனை,VERB
எங்கே,NOUN
போகிறான்,PROPN
என்று,PART
பார்ப்போம்கூப்பிடுங்கள்,NOUN
என,PART
எக்களிப்புடன்,NOUN
கூவியபடி,NOUN
ஜனமேஜயன்,NOUN
வேள்விச்சாலையின்,NOUN
நடுவே,NOUN
நிமித்திகனின்,NOUN
பீடத்தில்,NOUN
வந்து,AUX
நின்றார்,VERB
மண்ணை,NOUN
விலக்கி,NOUN
முளைத்தெழும்,ADJ
வாழைக்கன்றுபோல,NOUN
தலை,NOUN
நீட்டி,NOUN
தட்சன்,NOUN
மேலெழுந்து,VERB
வந்தான்,VERB
கரும்பனையின்,NOUN
தடி,NOUN
போன்ற,ADP
உடலை,NOUN
மெதுவாக,ADV
நெளித்து,_
வேள்விச்சாலையில்,NOUN
தவழ்ந்து,_
வேள்வித்தீ,NOUN
நோக்கிச்,VERB
சென்றான்,VERB
அவனுக்குப்பின்னால்,NOUN
அவனைப்போன்றே,NOUN
தெரிந்த,ADJ
தட்சகியும்,ADJ
எழுந்து,VERB
வந்தாள்,VERB
வேள்விக்கூடமே,NOUN
மரணமுனையில்,NOUN
பதுங்கியிருக்கும்,ADJ
வனமிருகம்,NOUN
போல,ADP
விரைத்து,_
அமர்ந்திருக்க,VERB
நடுங்கும்,ADJ
கரங்களுடன்,NOUN
அவியளித்து,_
ரித்விக்குகள்,NOUN
வேதக்குரலெழுப்ப,NOUN
பாம்புகள்,NOUN
ஒன்றை,NUM
ஒன்று,NUM
தழுவி,NOUN
முறுகியபடி,NOUN
மெல்ல,VERB
முன்னகர்ந்தன,VERB
அப்போது,ADV
ஆஸ்திகன்,NOUN
எழுந்து,VERB
கை,NOUN
நீட்டி,VERB
நில்லுங்கள்,VERB
நில்லுங்கள்,NOUN
வைதிகர்களே,NOUN
என்று,PART
குரலெழுப்பினான்,VERB
வேள்விக்கூடமே,NOUN
அவனை,AUX
நோக்கித்திரும்பியது,VERB
ஜனமேஜயன்,NOUN
திகைப்புடன்,NOUN
திரும்பி,NOUN
யார்,PRON
நீங்கள்,PRON
என்ன,VERB
வேண்டும்,AUX
என்றார்,VERB
என்,PRON
பெயர்,NOUN
ஆஸ்திகன்நான்,PROPN
ஜரத்காரு,NOUN
ரிஷியின்,NOUN
மகன்நைஷ்டிக,NOUN
பிரம்மசாரிஎனக்கு,NOUN
இன்னும்,ADV
வேள்விக்காணிக்கை,VERB
தரப்படவில்லை,VERB
என்,PRON
அனுமதி,NOUN
இல்லாமல்,VERB
இந்த,DET
வேள்வியை,NOUN
நீங்கள்,PRON
முடிக்கமுடியாது,_
என்று,PART
ஆஸ்திகன்,VERB
சொன்னான்,VERB
ஜனமேஜயன்,NOUN
அக்கணத்தில்,NOUN
வேள்விச்சாலையைக்,NOUN
கட்டிய,ADJ
சிற்பி,NOUN
விஸ்வசேனன்,NOUN
நிமித்தம்பார்த்து,_
அந்தவேள்விக்கு,NOUN
ஒரு,ADJ
பிராமணனால்,NOUN
தடைவரக்கூடும்,ADJ
என்று,PART
சொன்ன,NOUN
சொற்களைத்தான்,VERB
நினைவுகூர்ந்தார்,VERB
என்ன,NOUN
காணிக்கை,VERB
வேண்டும்,AUX
எதுவானாலும்,ADJ
இதோ,NOUN
இப்போதே,ADV
பெற்றுக்கொள்ளுங்கள்,NOUN
என்று,PART
பதற்றத்துடன்,VERB
சொன்னார்,VERB
ஆஸ்திகன்,NOUN
தட்சன்,NOUN
உயிரை,NOUN
எனக்கு,PRON
தட்சிணையாகக்,NOUN
கொடுங்கள்,NOUN
என்று,PART
கேட்டான்,VERB
அதிர்ந்து,_
கலங்கிய,ADJ
ஜனமேஜயன்,NOUN
என்ன,NOUN
கேட்கிறீர்கள்,NOUN
உத்தமரேஇந்த,ADJ
தேசத்தைக்,VERB
கேளுங்கள்,VERB
என்,PRON
உயிரைக்,VERB
கேளுங்கள்,VERB
என்,PRON
மூதாதையர்,NOUN
எனக்களித்த,ADJ
நல்லூழ்கள்,NOUN
அனைத்தையும்,VERB
கேளுங்கள்,VERB
இதை,PRON
மட்டும்,ADV
கேட்காதீர்கள்,VERB
இது,PRON
என்,PRON
வாழ்க்கையின்,VERB
இலக்கு,VERB
நான்,PRON
அடையப்போகும்,VERB
முழுமை,VERB
இதை,PRON
மட்டும்,ADV
கேட்காதீர்கள்,NOUN
என்று,PART
கெஞ்சினார்,VERB
ஆனால்,ADV
ஆஸ்திகன்,NOUN
மாமன்னரே,NOUN
நாநூறு,NOUN
காதம்,NOUN
நடந்து,VERB
நான்,PRON
வந்ததே,VERB
இதற்காகத்தான்,VERB
இதுவன்றி,NOUN
வேறெந்த,ADJ
காணிக்கையும்,ADJ
எனக்குத்தேவையில்லை,VERB
என்றான்,VERB
எனக்கு,PRON
காணிக்கை,NOUN
கிடைக்கவில்லையென்றால்,NOUN
தர்ப்பையை,NOUN
கையில்,NOUN
வைத்தபடி,NOUN
இந்த,DET
வேள்வி,NOUN
முடிவடையக்கூடாது,_
என்று,PART
அவச்சொல்லிடுவேன்ரிஷியாகிய,ADJ
நான்,PRON
சொல்லாமல்,VERB
இந்த,DET
வேள்வியை,VERB
முடிக்கமுடியாது,VERB
கடும்சினத்துடன்,NOUN
யார்,PRON
நீங்கள்,PRON
எதற்காக,NOUN
இதைச்செய்கிறீர்கள்,NOUN
என்று,PART
ஜனமேஜயன்,VERB
கேட்டார்,VERB
ஆஸ்திகன்,NOUN
நான்,PRON
வேசரத்தின்,NOUN
நாகர்குலத்,NOUN
தலைவியான,ADJ
மானசாதேவியின்,VERB
மைந்தன்,VERB
தட்சன்,NOUN
என்,PRON
குலமூதாதை,VERB
என்றான்,VERB
ஜனமேஜயன்,NOUN
நீங்கள்,PRON
செய்தது,AUX
நம்பிக்கைத்துரோகம்,VERB
உங்களை,NOUN
பிராமணன்,NOUN
என்று,PART
சொன்னீர்கள்,VERB
என்றார்,VERB
மாமன்னரே,NOUN
நெறிநூல்களின்படி,ADV
மண்ணாளும்,ADJ
குலமே,NOUN
தாய்வழி,VERB
வருவது,AUX
வேதவிதிகளுக்கான,ADJ
குலம்,NOUN
தந்தையின்,NOUN
வழியாக,ADP
வருவதே,VERB
நான்,PRON
வேத,NOUN
அதிகாரம்,NOUN
கொண்ட,ADP
பிராமணரிஷியின்,NOUN
மைந்தன்,VERB
என்றான்,VERB
மன்னன்,NOUN
வைசம்பாயனரை,NOUN
நோக்க,VERB
ஆம்,AUX
அவர்,PRON
சொல்வது,_
சரிதான்,PROPN
என்றார்,VERB
அவர்,PRON
குருதி,NOUN
தீயாக,ADV
மாறி,NOUN
எரியும்,ADJ
உடலுடன்,NOUN
நின்ற,ADJ
ஜனமேஜயன்,NOUN
பின்பு,NOUN
தோள்தளர்ந்து,_
கண்ணீர்,NOUN
வடித்தபடி,NOUN
திரும்பி,NOUN
தன்,NOUN
சேவகர்களிடம்,NOUN
தாரைநீர்,VERB
கொண்டுவரச்சொன்னார்,VERB
தர்ப்பையும்,ADJ
நீருமாக,ADV
நின்று,NOUN
நீர்வார்த்து,_
தட்சனின்,NOUN
உயிரை,NOUN
காணிக்கையாகக்,VERB
கொடுத்தார்,VERB
அதைப்பெற்றுக்கொண்டு,NOUN
உங்களுக்கும்,ADJ
உங்கள்,NOUN
மண்ணுக்கும்,ADJ
அனைத்து,ADJ
நலன்களும்,NOUN
உருவாகட்டும்,ADJ
என்று,PART
ஆஸ்திகன்,VERB
வாழ்த்தினான்,VERB
ஜனமேஜயன்,NOUN
கையை,NOUN
உதறி,NOUN
நீரைத்,NOUN
தெறித்தபின்,NOUN
வெறுப்பில்,NOUN
விரிந்த,ADJ
பற்கள்,NOUN
வெளுத்துத்,NOUN
தெரிய,VERB
முனிகுமாரரே,NOUN
நீங்கள்,PRON
இப்போது,ADV
செய்தது,AUX
மாபெரும்,VERB
துரோகம்,VERB
இனி,ADV
நீங்கள்,PRON
இந்த,DET
மண்ணில்,NOUN
இருக்கக்கூடாது,_
கிளம்புங்கள்,VERB
என்றார்,VERB
பின்பு,NOUN
கண்களில்,NOUN
வெறுப்புடன்,NOUN
ஆஸ்திகரே,NOUN
வேள்விக்காவலனாகிய,ADJ
நான்,PRON
இவ்வேள்வியிலே,NOUN
பங்குபெற்ற,ADJ
முனிவரை,NOUN
வாழ்த்தி,NOUN
நன்றிசொல்லி,NOUN
அவர்களுக்கு,PRON
மலரும்,ADJ
பொன்னும்,ADJ
அளித்து,_
விடைகொடுக்கவேண்டும்அதுதான்,PROPN
மரபு,AUX
இல்லையாஎன்றார்,VERB
ஆஸ்திகன்,NOUN
அவர்,PRON
சொல்லப்போவதை,NOUN
ஊகித்து,VERB
நின்றுவிட்டான்,VERB
ஜனமேஜயன்,NOUN
அதை,PRON
நான்,PRON
செய்யமாட்டேன்உங்களுக்கு,NOUN
மரியாதை,NOUN
கொடுத்து,_
அனுப்ப,VERB
மாட்டேன்,AUX
என்றார்,VERB
வைசம்பாயனர்,NOUN
அரசே,NOUN
ஒரு,ADJ
முனிவரை,NOUN
அவமதிக்க,VERB
உங்களுக்கு,PRON
உரிமை,NOUN
இல்லைஅது,_
தவறு,AUX
என்றார்,VERB
உத்தங்க,PROPN
முனிவர்,NOUN
அவர்,PRON
நைஷ்டிக,NOUN
பிரம்மசாரிஅவர்,NOUN
சாபமிட்டால்,NOUN
எதுவும்,PRON
நடக்கும்,VERB
என்றார்,VERB
ஜனமேஜயன்,NOUN
வெறி,NOUN
மிகுந்த,ADJ
குரலில்,NOUN
என்ன,NOUN
சாபம்,NOUN
வேண்டுமானாலும்,VERB
போடட்டும்,VERB
இனி,ADV
எனக்கு,PRON
எதுவும்,PRON
மிச்சமில்லை,VERB
அஸ்தினபுரியின்,NOUN
மன்னன்,NOUN
ஒரு,ADJ
முனிவரை,NOUN
அவமதித்தான்,PROPN
என்று,PART
வரலாறு,NOUN
சொல்லட்டும்இந்த,ADJ
இளைஞர்,NOUN
செய்த,ADJ
துரோகம்,NOUN
என்,PRON
குலக்கவிஞர்களாலும்,ADJ
முனிவர்களாலும்,ADJ
என்றென்றும்,ADJ
நினைவுகூரப்படட்டும்,VERB
என்றார்,VERB
ஆஸ்திகன்,NOUN
அமைதியான,ADJ
குரலில்,NOUN
ஜனமேஜய,NOUN
மன்னரே,NOUN
நான்,PRON
செய்ததன்,NOUN
பொருள்,NOUN
இப்போது,ADV
உங்களுக்குப்,VERB
புரியாது,VERB
ஒருநாள்,NOUN
உங்கள்,NOUN
தலைமுறைகள்,NOUN
இதை,PRON
புரிந்துகொள்வார்கள்,NOUN
நான்,PRON
உங்களுக்காக,ADV
உங்கள்,NOUN
மக்களுக்காக,ADV
இந்த,DET
உலகத்தின்,NOUN
நன்மைக்காகவே,NOUN
இதைச்,VERB
செய்தேன்,VERB
இது,PRON
என்,PRON
தன்னறம்,VERB
என்றான்,VERB
தர்மத்தை,NOUN
மீறிய,ADJ
நீங்கள்,PRON
அறம்,NOUN
பேசக்கூடாது,_
என்று,PART
ஜனமேஜயன்,VERB
கூவினார்,VERB
ஆஸ்திகன்,NOUN
அறத்தைப்பற்றி,NOUN
உங்களுக்கு,PRON
என்ன,NOUN
தெரியும்,ADV
அரசே,NOUN
என்று,PART
புன்னகை,VERB
செய்தான்,VERB
அறம்,NOUN
என்ற,PART
சொல்லை,NOUN
அறியாத,VERB
எவருமில்லை,VERB
அறமென்றால்,NOUN
எதுவென்று,_
முழுதறிந்தவரும்,VERB
இல்லை,AUX
அறத்தை,NOUN
முற்றிலுமறிவதற்காக,ADV
ஒருவர்,NOUN
ஏழு,NOUN
தலைமுறைக்காலமாக,VERB
தவமியற்றிக்கொண்டிருக்கிறார்,VERB
உங்கள்,NOUN
முதுபெரும்தந்தை,VERB
வியாசன்,VERB
அவர்,PRON
இங்கே,VERB
வரட்டும்,VERB
நான்,PRON
செய்தது,AUX
பிழை,NOUN
என,PART
அவர்,PRON
சொல்லட்டும்,VERB
ஜனமேஜயன்,NOUN
அப்போதுதான்,ADV
அவரை,AUX
நினைவுகூர்ந்தார்,VERB
அவர்,PRON
இங்கு,NOUN
வரும்,ADJ
நிலையில்,NOUN
இல்லை,VERB
என்றார்,VERB
அப்படியென்றால்,NOUN
எனக்கு,PRON
காணிக்கை,NOUN
அளித்து,_
விடைகொடுங்கள்,NOUN
என்றான்,VERB
ஆஸ்திகன்,VERB
ஒருபோதும்,VERB
இல்லை,AUX
சூதில்,NOUN
வென்ற,ADJ
உங்களை,NOUN
என்,PRON
குருவாக,ADV
நான்,PRON
எண்ணமுடியாது,VERB
தர்மபதம்,NOUN
என்னை,ADV
அங்கீகரிக்காது,_
என்று,PART
ஜனமேஜயன்,VERB
கூவினார்,VERB
அப்படியென்றால்,NOUN
கொண்டுவாருங்கள்,VERB
வியாசரை,VERB
நான்,PRON
செய்தது,AUX
அறமா,NOUN
பிழையா,PROPN
என,PART
வியாசர்,VERB
சொல்லட்டும்,VERB
அதுவரை,NOUN
நான்,PRON
இங்கிருந்து,NOUN
அசையப்போவதில்லை,NOUN
என்று,PART
ஆஸ்திகன்,VERB
சொன்னான்,VERB
அவனுடைய,NOUN
அழகிய,ADJ
சிறுச்செந்நிற,ADJ
வாய்,NOUN
முலைக்கண்,NOUN
உருவி,NOUN
எடுக்கப்பட்ட,ADJ
கைக்குழந்தையின்,NOUN
இதழ்க்குவைபோல்,VERB
இருந்தது,AUX
குருஷேத்ரத்தின்,NOUN
அருகே,ADP
இருந்த,ADJ
குறுங்காடு,NOUN
வியாசவனம்,VERB
என்றழைக்கப்பட்டது,VERB
மூன்று,NUM
தலைமுறைக்காலத்துக்கு,NOUN
முன்பு,ADV
ஒரு,ADJ
கிருஷ்ணபட்ச,NOUN
இரவில்,NOUN
கிருஷ்ண,NOUN
துவைபாயன,NOUN
மகாவியாசர்,NOUN
சமுத்திரத்தின்,NOUN
எல்லை,NOUN
தேடி,NOUN
குட்டியை,NOUN
பெறச்,NOUN
செல்லும்,ADJ
திமிங்கிலம்போல,NOUN
தன்னந்தனியாக,ADV
இருளில்,NOUN
நீந்தி,NOUN
அங்கே,ADV
வந்தார்,VERB
குறுங்காட்டின்,NOUN
நடுவே,NOUN
ஓங்கி,NOUN
நின்றிருந்த,ADJ
கல்லாலமரத்தின்,NOUN
விழுதுகளுக்குள்,NOUN
ஒரு,ADJ
உறிக்குடிலைக்,NOUN
கட்டி,NOUN
அவர்,PRON
குடியேறி,NOUN
பல,ADJ
ஆண்டுகள்,NOUN
கழித்துத்தான்,PROPN
மக்கள்,NOUN
அதை,PRON
அறிந்தனர்,VERB
வியாசரின்,NOUN
மாணவர்களான,ADJ
வைசம்பாயனரும்,ADJ
பைலரும்,ADJ
ஜைமினியும்,ADJ
சூததேவரும்,ADJ
அவரைத்,NOUN
தேடிவந்து,_
அங்கே,ADV
குடிலமைத்து,_
தங்க,VERB
ஆரம்பித்த,ADJ
பின்னர்,ADV
மன்னனின்,NOUN
ஆணைப்படி,ADV
அப்பகுதியில்,_
வேட்டையும்,ADJ
விறகெடுத்தலும்,VERB
தடைசெய்யப்பட்டது,VERB
அந்தக்காடு,NOUN
வியாசவனம்,NOUN
என,PART
பெயர்கொண்டது,VERB
அங்கே,ADV
அவர்,PRON
தன்,NOUN
குருதியில்,NOUN
பிறந்து,_
காடாகத்,PROPN
தழைத்து,_
பின்பு,NOUN
குருஷேத்ர,NOUN
ரணபூமியில்,NOUN
இறந்து,_
அழிந்த,ADJ
அனைவரையும்,ADJ
உயிர்த்தெழச்,NOUN
செய்வதறகான,ADJ
மாபெரும்,ADJ
தவமொன்றில்,NOUN
ஈடுபட்டிருப்பதாக,_
சூதர்கள்,NOUN
நாடெங்கும்,VERB
பாடித்திரிந்தனர்,VERB
வெண்கலையணிந்த,ADJ
படைப்புத்தெய்வமே,VERB
வந்து,AUX
வியாசரிடம்,NOUN
அவரது,PRON
விருப்பம்,NOUN
பிரபஞ்சவிதிகளுக்கு,ADV
முரணானது,_
என்று,PART
வாதிட்டதாகவும்,PRON
அப்படியென்றால்,NOUN
எனக்கென,NOUN
ஒரு,ADJ
பிரபஞ்சத்தையே,NOUN
உருவாக்கிக்,VERB
கொள்கிறேன்,AUX
உனக்கென,NOUN
அதிலொரு,NOUN
கலைவனத்தையும்,NOUN
அளிப்பேன்,NOUN
என,PART
அவர்,PRON
பதில்,NOUN
சொன்னதாகவும்,PRON
பாணர்கள்,VERB
பாடினார்கள்,VERB
அவரைக்,NOUN
கண்ட,PROPN
நினைவிருந்த,ADJ
தலைமுறையெல்லாம்,NOUN
மறைந்தபின்பு,NOUN
உயிருடனிருக்கையிலேயே,NOUN
அவர்,PRON
ஒரு,ADJ
புராணமாக,VERB
ஆனார்,VERB
சூதர்களின்,NOUN
கதைப்பாடல்கள்,NOUN
இவ்வாறு,ADV
பாடின,VERB
போர்முடிந்து,_
வீரமரணமடைந்தவர்களுக்கெல்லாம்,NOUN
நீர்க்கடன்களும்,ADJ
முடிந்தபின்னர்,NOUN
வியாசர்,NOUN
குருஷேத்ரக்,NOUN
களத்துக்குச்,VERB
சென்றார்,VERB
காலைவெளிச்சத்தில்,NOUN
செம்மண்பூமி,NOUN
கருமைகொள்ளும்படி,ADV
நாய்களும்,ADJ
நரிகளும்,ADJ
கழுதைப்புலிகளும்,ADJ
நெரிந்துபரவி,NOUN
கூச்சலிட்டு,PROPN
பூசலிடுவதைக்,NOUN
கண்டு,NOUN
திகைத்து,VERB
நின்றார்,VERB
வானத்தை,NOUN
கரியகாடொன்றின்,NOUN
இலையடர்வு,NOUN
போல,ADP
சிறகுகளால்,NOUN
மூடியபடி,NOUN
கழுகுகளும்,ADJ
பருந்துகளும்,ADJ
காக்கைகளும்,ADJ
பறந்துச்,VERB
சுழன்றன,VERB
அங்கே,ADV
நடந்துகொண்டிருந்தது,_
மானுடத்தின்,NOUN
மீதான,ADJ
மாபெரும்,ADJ
வெற்றியின்,NOUN
உண்டாட்டு,PROPN
என,PART
உணர்ந்து,_
கால்கள்,NOUN
தளர்ந்து,VERB
அமர்ந்துகொண்டார்,VERB
அங்கிருந்து,ADV
கிளம்பி,NOUN
தண்டகாரண்யம்,NOUN
சென்று,VERB
அடர்கானகத்தில்,NOUN
மனிதக்கண்கள்,NOUN
படாமல்,VERB
பொழிந்துகொண்டிருந்த,ADJ
பாலருவிக்கரையில்,NOUN
குடிலமைத்து,_
அந்தப்பேரொலியில்,NOUN
இருந்து,ADP
அடுத்தசொல்லை,VERB
அடையமுயன்றார்,VERB
அதைத்துறந்து,_
கங்கைச்சமவெளியில்,NOUN
சீறும்,ADJ
மழையிலும்,ADJ
இமையத்தின்,NOUN
பனிச்சரிவுகளிலும்,ADJ
பாஞ்சாலத்துக்கு,NOUN
அப்பால்,NOUN
விரிந்த,ADJ
மணல்வெளியின்,NOUN
வெங்காற்றிலும்,ADJ
அச்சொல்லைத்தேடி,VERB
அலைந்தார்,VERB
நூறாண்டுக்காலம்,NOUN
அந்த,DET
ஒற்றைச்சொல்லுக்காக,ADV
தேடிய,ADJ
பின்னர்,ADV
மனம்சோர்ந்து,_
காளிந்தி,NOUN
நதிக்கரையில்,NOUN
தன்னுடைய,NOUN
அன்னையின்,NOUN
குலத்தவர்,NOUN
வாழும்,ADJ
கிராமத்தை,NOUN
சென்று,VERB
சேர்ந்தார்,VERB
மகாவியாசர்,VERB
அங்கே,ADV
அவரை,AUX
எவருமறிந்திருக்கவில்லை,VERB
அவரது,PRON
உடலில்,NOUN
எழுந்த,ADJ
மீன்வாசனையை,NOUN
முகர்ந்த,ADJ
குலமூத்தார்,_
அவரை,NOUN
தங்களவர்,NOUN
என,PART
அடையாளம்,VERB
கண்டனர்,VERB
அவர்,PRON
பிறந்த,ADJ
யமுனைத்தீவு,NOUN
என்னும்,ADV
மணல்மேட்டிலேயே,NOUN
ஒரு,ADJ
குடிலமைத்து,_
மீனவர்கள்,NOUN
படகில்,NOUN
கொண்டுவந்து,_
கொடுத்த,ADJ
ஊனுணவை,NOUN
உண்டு,NOUN
அங்கே,ADV
வாழ்ந்தார்,VERB
அன்னை,NOUN
என்ற,PART
ஒற்றைச்சொல்லால்,NOUN
மட்டுமே,PART
ஆனதாக,_
இருந்தது,AUX
அவரது,PRON
அகம்,AUX
அச்சொல்லே,NOUN
அனைத்தையும்,ADJ
அடக்கி,NOUN
அதுமட்டுமேயாகி,NOUN
குன்றாமல்,VERB
கூடாமல்,VERB
அப்படியே,NOUN
அவருள்,VERB
கிடந்தது,VERB
ஒரு,ADJ
தலைமுறைக்காலத்துக்குப்பின்,NOUN
யமுனையின்,NOUN
ஆழத்திலிருந்து,_
ஒரு,ADJ
வெள்ளிமீன்,NOUN
வானத்திலிருந்து,_
மின்னலிறங்குவதுபோல,NOUN
மேலெழுந்து,VERB
வந்தது,VERB
அந்த,DET
மீனின்,NOUN
பெயர்,VERB
ஸித்தி,VERB
அதன்,NOUN
மகளாகிய,ADJ
அத்ரிகையின்,NOUN
வயிற்றில்தான்,PROPN
வியாசனின்,NOUN
அன்னையாகிய,ADJ
மச்சகந்தி,VERB
பிறந்தாள்,VERB
யமுனையின்,NOUN
ஆழத்தில்,NOUN
வாழும்,ADJ
மரணமற்ற,ADJ
அந்தத்,DET
தாய்மீனின்,NOUN
கருவறைக்குள்ளிருந்துதான்,PROPN
கோடானுகோடி,NOUN
மீன்கள்,NOUN
பெருகி,VERB
யமுனையை,VERB
நிறைத்துக்கொண்டிருந்தன,VERB
மேலே,NOUN
வந்த,ADJ
அன்னை,NOUN
இளஞ்சூரிய,ADJ
ஒளியில்,NOUN
நீர்ப்பரப்பிலிருந்து,_
எழுந்து,VERB
பறந்து,_
மீண்டும்,ADJ
நீரில்,VERB
விழுந்துமறைந்தாள்,VERB
அந்த,DET
ஒளியின்,NOUN
கணத்தில்,NOUN
கிருஷ்ணதுவைபாயன,NOUN
மகாவியாசனின்,NOUN
அகத்திலிருந்த,ADJ
ஒற்றைச்சொல்லில்,NOUN
இருந்து,ADP
மீதி,NOUN
அத்தனை,NOUN
சொற்களும்,_
பிறந்து,VERB
வந்து,AUX
அவர்,PRON
சித்தத்தை,VERB
நிறைத்தன,VERB
அந்தச்,DET
சொற்களஞ்சியத்துடன்,NOUN
அவர்,PRON
மீண்டும்,ADJ
குருஷேத்ரம்,NOUN
நோக்கி,VERB
வந்தார்,VERB
மீண்டும்,ADJ
அந்த,DET
ரணபூமி,NOUN
மீது,ADP
நின்றார்,VERB
சடலங்கள்மீதும்,ADJ
உடைந்த,ADJ
ரதங்கள்,NOUN
மீதும்,_
துருவேறிய,ADJ
ஆயுதங்கள்,NOUN
மீதும்,_
மண்மூடியிருந்தது,VERB
முந்தைய,ADJ
இளமழையில்,NOUN
அந்த,DET
மண்பரப்பின்,NOUN
மீது,ADP
பசும்புல்,NOUN
முளைத்து,_
மெல்லியகாற்றில்,VERB
அலைபாய்ந்தது,VERB
ஆயிரம்,NUM
கதைகளின்,NOUN
வழியாக,ADP
சூதர்களின்,NOUN
பாடலில்,NOUN
வாழ்ந்த,ADJ
வியாசர்,NOUN
அன்றுகாலை,NOUN
தன்,NOUN
பெருங்காவியத்தின்,NOUN
கடைசிச்சொற்களை,VERB
எழுதிமுடித்தார்,VERB
அவர்,PRON
வியாசவனத்தில்,NOUN
குடியேறிய,ADJ
அன்று,ADP
தன்னுள்,NOUN
எழுந்த,ADJ
சொல்லலைகளுடன்,NOUN
அமர்ந்திருக்கையில்,NOUN
புதர்களை,NOUN
விலக்கி,NOUN
வந்த,ADJ
மதகளிறு,NOUN
ஒன்று,NUM
தலைகுலுக்கி,NOUN
காதுகளை,NOUN
விசிறி,NOUN
துதிக்கை,NOUN
சுழற்றி,NOUN
ஓங்காரமெனப்பிளிறி,NOUN
அவர்,PRON
இருந்த,ADJ
கல்லாலமரத்தைக்,VERB
குத்தியது,VERB
திரும்பி,NOUN
தலையை,NOUN
எடுத்து,VERB
மேலும்,ADV
இருமுறை,NOUN
ஓங்காரமெழுப்பி,NOUN
அது,PRON
பின்வாங்கியபோது,ADV
அதன்,NOUN
தந்தங்களில்,NOUN
ஒன்று,NUM
ஒடிந்து,_
மரத்தில்,NOUN
பதிந்திருப்பதைக்,NOUN
கண்டார்,VERB
மகாவியாசர்,VERB
அதை,PRON
எடுத்து,VERB
சிவந்த,ADJ
மென்மணல்,NOUN
விரிந்த,ADJ
கதுப்பில்,NOUN
ஓம்,NOUN
என,PART
எழுதினார்,VERB
அதுவே,NOUN
அவருடைய,NOUN
காவியத்தின்,NOUN
முதல்சொல்லாக,VERB
அமைந்தது,VERB
ஒற்றைக்கொம்புள்ள,_
கணபதியை,NOUN
தன்முன்,NOUN
நிறுவி,NOUN
அவர்,PRON
எழுதிய,ADJ
காவியத்தின்,NOUN
கடைசிச்சொல்லாகவும்,PRON
ஓங்காரமே,VERB
அமைந்தது,VERB
அந்த,DET
ஒலி,_
அவருள்,NOUN
மட்டுமே,PART
ஒலித்தது,VERB
முழுமையிலிருந்து,_
முழுமைநோக்கி,NOUN
வழிந்த,ADJ
காவியத்தை,NOUN
எழுதி,NOUN
நிறுத்திய,ADJ
தாழை,NOUN
மடலை,NOUN
மதகளிற்றுமுகத்தானின்,NOUN
மண்சிலைக்கு,NOUN
முன்னால்,ADP
வைத்துவிட்டு,PROPN
மெலிந்த,ADJ
கைகளைக்,NOUN
கூப்பியபடி,NOUN
கண்களிலிருந்து,_
கண்ணீர்,NOUN
சொட்ட,ADJ
அமர்ந்திருந்தார்,VERB
வியாசர்,VERB
விடிந்துவிட்டதைச்,NOUN
சொல்ல,NOUN
அவரது,PRON
மாணவர்,NOUN
பைலர்,NOUN
குடிலுக்குள்,NOUN
வந்தபோது,ADV
குறுகிய,ADJ
உடலுடன்,NOUN
அவர்,PRON
ஒடுங்கி,NOUN
அமர்ந்து,_
மெல்ல,NOUN
நடுங்கிக்கொண்டிருப்பதைக்,VERB
கண்டார்,VERB
பைலர்,NOUN
மெல்ல,VERB
வந்து,AUX
தாழை,NOUN
மடலைக்,NOUN
கையிலெடுத்து,VERB
வாசித்தார்,VERB
அவரது,PRON
கண்களிலிருந்து,_
கண்ணீர்,NOUN
சொட்ட,VERB
ஆரம்பித்தது,VERB
வெளியே,ADV
காத்திருந்த,ADJ
ஜைமினியும்,_
உள்ளே,VERB
வந்து,AUX
பைலரின்,NOUN
உணர்ச்சியிலிருந்தே,NOUN
ஊகித்துக்கொண்டு,NOUN
அவரும்,ADJ
கண்ணீர்விட,VERB
ஆரம்பித்தார்,VERB
அன்று,ADP
வியாசவனத்தில்,NOUN
ஒரு,ADJ
திருவிழா,VERB
கூடியது,VERB
மூன்று,NUM
சீடர்களும்,ADJ
அவர்களின்,NOUN
மாணவர்களும்,ADJ
சேர்ந்து,_
வியாசவனத்தின்,NOUN
அத்தனை,NOUN
குடில்களையும்,ADJ
ஈச்சங்குருத்துக்களாலும்,ADJ
தளிரிலைகளாலும்,ADJ
மலர்களாலும்,VERB
அலங்கரித்தனர்,VERB
மையக்குடிலில்,NOUN
பட்டுமணல்,NOUN
விரித்து,_
நடுவே,NOUN
கணபதியை,NOUN
நிறுவி,NOUN
அவர்,PRON
காலடியில்,NOUN
வைத்த,ADJ
செம்பட்டுப்பீடத்தில்,NOUN
அடுக்கடுக்காக,ADV
காவியச்சுவடிகளைக்,NOUN
குவித்துவைத்து,_
அருகே,ADP
அகல்விளக்கை,VERB
ஏற்றிவைத்தனர்,VERB
அது,PRON
சித்திரை,NOUN
மாதம்,NOUN
முழுநிலவு,VERB
நாள்,AUX
இனி,ADV
என்றென்றும்,ADJ
ஞானம்,NOUN
விளையும்,ADJ
தருணமாகவே,NOUN
அது,PRON
எண்ணப்படும்,ADJ
என்றார்,VERB
பைலர்,VERB
இந்த,DET
நாளில்,NOUN
குருநாதரின்,NOUN
பாதங்களைப்பணிந்து,_
அவரளித்த,ADJ
ஞானத்திற்குக்,NOUN
கைமாறாக,ADV
சுயத்தை,NOUN
அர்ப்பணம்,ADV
செய்யவேண்டும்,ADJ
என்று,PART
அவர்கள்,PRON
முடிவெடுத்தனர்,VERB
அப்போது,ADV
அஸ்தினபுரியிலிருந்து,_
நான்கு,NUM
குதிரைகள்,NOUN
பூட்டப்பட்ட,ADJ
ரதத்தில்,NOUN
வைசம்பாயனரும்,ADJ
அமைச்சர்,NOUN
பத்மபாதரும்,VERB
வந்து,AUX
வியாசவனத்தில்,VERB
இறங்கினர்,VERB
பத்மபாதருக்கு,NOUN
வைசம்பாயனர்,NOUN
வியாசரின்,NOUN
வரலாற்றையும்,ADJ
அவரைப்பற்றிய,ADJ
சூதர்களின்,NOUN
கதைகளையும்,ADJ
சொல்லிக்கொண்டு,VERB
வந்தார்,VERB
பாரதத்தில்,NOUN
வாழும்,ADJ
ஏழு,NOUN
சிரஞ்சீவிகளில்,NOUN
ஒருவர்,NOUN
வியாசர்,NOUN
என்றார்,VERB
வைசம்பாயனர்,VERB
மாபலி,NOUN
அனுமன்,NOUN
விபீஷணன்,NOUN
பரசுராமன்,NOUN
கிருபர்,NOUN
அஸ்வத்தாமா,NOUN
வியாசர்,NOUN
என,PART
அவர்களை,PRON
சூதர்களின்,NOUN
பாடல்கள்,VERB
பட்டியலிடுகின்றன,VERB
கொடையால்,NOUN
பணிவால்,NOUN
நம்பிக்கையால்,NOUN
சினத்தால்,VERB
குரோதத்தால்,VERB
பழியால்,NOUN
அழிவின்மை,NOUN
கொண்ட,ADP
அவர்கள்,PRON
நடுவே,NOUN
கற்பனையால்,NOUN
காலத்தை,NOUN
வென்றவர்,NOUN
கிருஷ்ண,NOUN
துவைபாயன,VERB
மகாவியாசர்,VERB
வியாசவனத்துக்குள்,NOUN
நுழைந்ததும்,ADJ
பைலரும்,ADJ
ஜைமினியும்,ADJ
அவரை,NOUN
நோக்கி,NOUN
ஓடிச்சென்று,NOUN
கண்ணீருடன்,VERB
ஆரத்தழுவிக்கொண்டனர்,VERB
காவியம்,NOUN
முடிவுற்ற,ADJ
செய்தியைக்,NOUN
கேட்டதும்,ADJ
இது,PRON
விதிமுகூர்த்தம்போலும்,VERB
அங்கே,ADV
குருநாதரின்,NOUN
ஞானத்தை,NOUN
சோதிக்க,VERB
ஒருவன்,NOUN
தென்திசையிலிருந்து,VERB
வந்து,AUX
நிற்கிறான்,PROPN
என்றார்,VERB
வைசம்பாயனர்,VERB
வியாசரை,NOUN
அவ்வளவு,NOUN
தொலைவுக்கு,NOUN
ரதத்தில்,NOUN
கொண்டு,VERB
செல்லமுடியுமா,NOUN
என்று,PART
பைலரும்,ADJ
ஜைமினியும்,ADJ
ஐயம்,AUX
தெரிவித்தனர்,VERB
வேறு,AUX
வழியில்லை,VERB
இன்றைய,NOUN
நாளில்,NOUN
அவரது,PRON
குரல்,NOUN
அங்கே,ADV
ஒலித்தாகவேண்டும்,ADJ
என்றார்,VERB
வைசம்பாயனர்,VERB
ரதத்தின்,NOUN
அசைவை,NOUN
அவர்,PRON
உடல்,NOUN
அறியாதிருக்க,VERB
தூளியில்,NOUN
அவரை,AUX
கொண்டுசெல்லலாம்,VERB
அன்னத்தூவிகள்,NOUN
செறிந்த,ADJ
மெத்தையும்,VERB
உள்ளது,AUX
குடிலுக்கு,NOUN
வெளியே,ADV
பின்திண்ணையில்,NOUN
வியாசர்,NOUN
அமர்ந்திருப்பதை,NOUN
வைசம்பாயனர்,NOUN
கண்டு,NOUN
மௌனமாக,ADV
வணங்கி,VERB
நின்றார்,VERB
மரணத்தை,NOUN
வென்றாலும்,ADJ
மூப்பை,NOUN
வெல்லமுடியாத,ADJ
உடல்,NOUN
தசை,NOUN
வற்றி,NOUN
காட்டுத்தீயில்,NOUN
எரிந்து,_
எஞ்சிய,ADJ
சுள்ளி,VERB
போலிருந்தது,VERB
ஒருகாலத்தில்,NOUN
தாடியாகவும்,PRON
தலைமயிராகவும்,PRON
விழுதுவிட்டிருந்த,ADJ
கனத்த,ADJ
சடைக்கற்றைகள்,NOUN
முழுமையாகவே,NOUN
உதிர்ந்துபோய்,NOUN
தேமல்கள்,NOUN
பரவிச்,NOUN
சுருங்கிய,ADJ
தோல்மூடிய,ADJ
மண்டைஓடு,VERB
தெரிந்தது,VERB
ஒன்றுடன்,NOUN
ஒன்று,NUM
ஏறிப்பின்னிய,ADJ
விரல்களில்,NOUN
நகங்கள்,NOUN
உள்நோக்கிச்,NOUN
சுருண்டிருக்க,VERB
கைகளிலும்,ADJ
கழுத்திலும்,ADJ
நரம்புகள்,NOUN
தளர்ந்த,ADJ
கொடிகள்போல்,VERB
ஓடின,AUX
உள்ளடங்கிய,ADJ
வாயும்,ADJ
தொங்கிய,ADJ
நாசியும்,ADJ
சிப்பிகள்போன்று,NOUN
மூடிய,ADJ
கண்களுமாக,ADV
அங்கே,ADV
இருந்த,ADJ
அவருக்குள்,NOUN
அவர்,PRON
வெகுதொலைவில்,VERB
இருந்துகொண்டிருந்தார்,VERB
வைசம்பாயனர்,NOUN
குருநாதரின்,NOUN
பாதங்களை,NOUN
வணங்கியபோது,ADV
அவரது,PRON
கண்கள்,NOUN
அதிர்ந்து,_
பின்பு,VERB
திறந்தன,VERB
கரிய,ADJ
உதடுகள்,NOUN
மெல்ல,VERB
அசைந்தன,VERB
வைசம்பாயனர்,NOUN
வியாசரிடம்,NOUN
அவரை,NOUN
அவைக்குக்,NOUN
கொண்டுசெல்ல,NOUN
அழைப்பு,NOUN
வந்திருப்பதைச்,VERB
சொன்னார்,VERB
ஜரத்காருவின்,NOUN
மைந்தன்,NOUN
ஆஸ்திகன்,NOUN
வந்திருக்கிறானா,NOUN
என்றார்,VERB
வியாசர்,VERB
அது,PRON
வைசம்பாயனருக்கு,VERB
வியப்பளிக்கவில்லை,VERB
ஆமாம்,VERB
குருநாதரே,VERB
தங்கள்,PRON
சொல்லுக்காக,ADV
அங்கே,ADV
அவை,NOUN
காத்திருக்கிறது,VERB
என்றார்,VERB
செல்வோம்,VERB
என,PART
வியாசர்,VERB
கையசைத்தார்,VERB
பத்மபாதரும்,ADJ
பைலரும்,ADJ
சேர்ந்து,_
வியாசரை,NOUN
அவர்,PRON
இருந்த,ADJ
கம்பளத்தோடு,NOUN
தூக்கி,NOUN
ரதத்தில்,NOUN
இருந்த,ADJ
பெரிய,ADJ
தூளிக்குள்,VERB
வைத்தனர்,VERB
அதற்குள்,NOUN
பரப்பப்பட்டிருந்த,ADJ
மெத்தைக்குள்,NOUN
சிறிய,ADJ
குழந்தைபோல,NOUN
அவர்,PRON
சுருண்டு,VERB
படுத்துக்கொண்டார்,VERB
பைலரும்,ADJ
ஜைமினியும்,ADJ
ரதத்தின்,NOUN
பின்பக்கத்தில்,VERB
ஏறிக்கொண்டனர்,VERB
சாரதி,NOUN
மெதுவாக,ADV
குதிரைகளைத்,NOUN
தட்டி,NOUN
அவற்றின்,NOUN
புட்டத்தில்,NOUN
கால்களால்,NOUN
உரசி,NOUN
சேதி,AUX
சொன்னான்,VERB
அவை,NOUN
பெருநடையாக,ADV
செல்ல,VERB
ஆரம்பித்தன,VERB
வியாசவனத்தைத்,NOUN
தாண்டியதும்,ADJ
வைசம்பாயனர்,NOUN
திரும்பிப்பார்த்தபோது,ADV
வியாசர்,NOUN
வலதுகையின்,NOUN
கட்டைவிரலை,NOUN
வாய்க்குள்,NOUN
போட்டு,PROPN
சப்பியபடி,NOUN
இடதுகையால்,NOUN
துணியை,NOUN
அள்ளி,NOUN
மார்போடு,NOUN
சேர்த்துக்கொண்டு,NOUN
கருக்குழந்தை,NOUN
போல,ADP
தூங்கிக்கொண்டிருந்ததைக்,VERB
கண்டார்,VERB
தாய்மையின்,NOUN
கனிவுடன்,NOUN
வைசம்பாயனர்,NOUN
போர்வையை,NOUN
மெல்ல,NOUN
இழுத்து,_
வியாசரை,NOUN
நன்றாக,VERB
போர்த்திவிட்டார்,VERB
ஓவியம்:,VERB
ஷண்முகவேல்,VERB
பெரிதுபடுத்த,ADJ
படத்தின்மேல்,VERB
சொடுக்கவும்,VERB
ஜனமேஜயனின்,NOUN
வேள்விமண்டப,NOUN
முற்றத்தில்,NOUN
அமைச்சர்களும்,ADJ
தளகர்த்தர்களும்,ADJ
காத்து,VERB
நின்றனர்,VERB
வியாசரின்,NOUN
ரதம்,NOUN
அணுகியதும்,ADJ
ஜனமேஜயன்,NOUN
வெளியே,ADV
வந்து,AUX
கைகூப்பியபடி,NOUN
நிற்க,VERB
ஜைமினியும்,ADJ
பைலரும்,ADJ
சேர்ந்து,_
வியாசரை,NOUN
கைகளில்,NOUN
தூக்கிக்கொண்டு,VERB
வந்தனர்,AUX
வியாசர்,NOUN
கண்மூடி,NOUN
கைகூப்பியபடி,NOUN
அவர்களின்,NOUN
கையில்,NOUN
குறுகி,VERB
அமர்ந்திருந்தார்,VERB
அவர்கள்,PRON
உள்ளே,NOUN
வந்ததும்,ADJ
நிமித்திகன்,NOUN
செங்கோலைத்,NOUN
தூக்கி,NOUN
வாழ்த்தி,NOUN
குரல்,VERB
கொடுத்தான்,VERB
பராசர,NOUN
முனிவரின்,NOUN
மைந்தர்,NOUN
குருவம்சத்து,_
பிதாமகர்,NOUN
காவியஞானி,PROPN
மகாவியாசர்,NOUN
கிருஷ்ண,NOUN
துவைபாயனர்,VERB
வருகிறார்,VERB
வேள்விமண்டபமும்,_
வாழ்த்தி,NOUN
குரல்,VERB
எழுப்பியது,VERB
முனிவர்களும்,ADJ
வைதிகரும்,ADJ
அவர்மேல்,NOUN
மலர்களையும்,ADJ
அட்சதையையும்,VERB
தூவினார்கள்,VERB
மலர்மழையில்,NOUN
அவர்,PRON
நனைந்தபடி,NOUN
கண்மூடியவராக,VERB
அமர்ந்திருந்தார்,VERB
ஜனமேஜயன்,NOUN
பிதாமகரின்,NOUN
பாதங்களில்,NOUN
என்,PRON
மணிமுடியை,NOUN
வைக்கிறேன்,VERB
என்றார்,VERB
இங்கே,NOUN
ஒரு,ADJ
விவாதம்,NOUN
நடந்தது,VERB
என்றார்,VERB
ஆஸ்திகனை,NOUN
சுட்டிக்காட்டி,NOUN
மேலே,NOUN
அவர்,PRON
பேசுவதற்குள்,NOUN
வியாசர்,NOUN
கையை,NOUN
மெதுவாகத்,PROPN
தூக்கி,NOUN
அவரை,NOUN
நிறுத்திவிட்டு,PROPN
சைகையால்,NOUN
ஆஸ்திகனை,NOUN
அருகே,ADP
அழைத்தார்,VERB
ஆஸ்திகன்,NOUN
அவர்,PRON
அருகே,ADP
சென்று,VERB
அவர்,PRON
பாதங்களை,VERB
வணங்கினான்,VERB
நடுங்கும்,ADJ
கரங்களை,NOUN
அவன்,NOUN
தலைமீது,_
வைத்து,VERB
புகழுடன்,NOUN
இரு,NUM
என்று,PART
வியாசர்,VERB
ஆசியளித்தார்,VERB
பின்பு,NOUN
திரும்பி,NOUN
ஜனமேஜயனிடம்,NOUN
இவன்,NOUN
பெருந்தவத்தாளான,ADJ
மானசாதேவிக்கு,NOUN
ஞானியான,ADJ
ஜரத்காருவில்,VERB
பிறந்தவன்,VERB
இவன்,NOUN
சொல்வதெல்லாமே,NOUN
உண்மை,VERB
என்றார்,VERB
ஜனமேஜயன்,NOUN
திகைத்தவராக,ADV
பின்னகர்ந்து,_
தன்,NOUN
சிம்மாசனத்தின்,NOUN
மீது,ADP
அமர்ந்துகொண்டார்,VERB
ஆஸ்திகன்,NOUN
அவரை,NOUN
நோக்கி,NOUN
அரசே,NOUN
நான்,PRON
இங்கே,NOUN
வரும்போது,ADV
வேறு,NOUN
எந்த,DET
நோக்கமும்,_
எனக்கு,PRON
இருக்கவில்லை,NOUN
முக்காலமும்,_
மூவுலகும்,ADJ
அறிந்த,ADJ
என்,PRON
அன்னை,NOUN
எனக்களித்த,ADJ
ஆணையை,ADV
நிறைவேற்றவேண்டும்,ADJ
என்று,PART
மட்டும்தான்,VERB
நினைத்தேன்,VERB
ஆனால்,ADV
அஸ்தினபுரத்துக்குள்,NOUN
வந்ததுமே,NOUN
நான்,PRON
செய்யவேண்டியது,NOUN
என்ன,NOUN
என்று,PART
கண்டுகொண்டேன்,VERB
என்,PRON
தாயின்,NOUN
நோக்கத்தையும்,VERB
புரிந்துகொண்டேன்,VERB
ஜனமேஜயரே,NOUN
உங்கள்,NOUN
நகரம்,NOUN
உயிரற்றதைப்போலக்,NOUN
கிடப்பதையே,NOUN
நான்,PRON
கண்டேன்,VERB
வீரம்,NOUN
இல்லாத,ADP
காவலர்கள்,NOUN
துடிப்பு,NOUN
இல்லாத,ADP
பெண்கள்,NOUN
துள்ளிக்குதிக்காத,ADJ
பிள்ளைகள்,NOUN
இந்த,DET
நகரம்,NOUN
தோல்கிழிந்த,ADJ
பெருமுரசு,NOUN
போல,ADP
எனக்குத்,VERB
தோன்றியது,VERB
உங்களைத்,NOUN
தடுக்கவில்லை,NOUN
என்றால்,NOUN
இந்த,DET
உலகத்தையே,NOUN
இப்படி,ADV
ஆக்கிவிடுவீர்கள்,NOUN
என்று,PART
அறிந்தேன்,VERB
இந்தவேள்வியை,NOUN
நிறுத்த,VERB
வேண்டியது,NOUN
என்கடமை,NOUN
என்று,PART
கொண்டேன்,VERB
என்றான்,VERB
நான்,PRON
பிரம்மத்தின்,NOUN
இயல்பான,ADJ
சத்வ,NOUN
குணத்தை,NOUN
இங்கே,NOUN
நிலைநிறுத்த,ADJ
விரும்பினேன்,NOUN
ஆஸ்திகரே,NOUN
என்றார்,VERB
ஜனமேஜயன்,VERB
அன்பும்,ADJ
அறமும்,_
நன்மையும்,_
நலமும்,_
மட்டுமே,PART
மனுக்குலத்தில்,NOUN
வாழவேண்டுமென,VERB
விழைந்தேன்,VERB
ஆஸ்திகன்,NOUN
திரும்பி,NOUN
சபையைப்,NOUN
பார்த்தான்,PROPN
இங்கே,NOUN
கபில,NOUN
முனிவரின்,NOUN
வழிவந்த,ADJ
சாங்கிய,ADJ
ஞானி,PROPN
எவராவது,_
இருக்கிறீர்களா,VERB
என்றான்,VERB
ஒரு,ADJ
முனிவர்,NOUN
எழுந்து,VERB
ஆம்,AUX
நான்,PRON
கபிலரின்,NOUN
நேரடி,VERB
மாணவன்,VERB
என்பெயர்,NOUN
சமரன்,VERB
என்றார்,VERB
ஆஸ்திகன்,NOUN
சொல்லுங்கள்,NOUN
சமரரே,NOUN
கபிலர்,NOUN
என்ன,NOUN
சொல்கிறார்,NOUN
இந்தப்,DET
புடவியின்,NOUN
விதி,NOUN
என்ன,NOUN
இப்பூமி,NOUN
எதனால்,NOUN
ஆனது,VERB
என்றான்,VERB
சமரமுனிவர்,NOUN
ஆதியிலிருந்தது,VERB
ஒன்றே,VERB
முதல்முடிவற்ற,ADJ
இதுஅதுவற்ற,VERB
முதலியற்கை,VERB
அது,PRON
பிளவற்ற,ADJ
காலத்தில்,NOUN
இருந்தது,AUX
அதில்,PRON
முதல்,ADJ
எண்ணமெனும்,ADJ
மஹத்,AUX
உருவானது,VERB
அது,PRON
இருப்பு,NOUN
எனும்,VERB
அகங்காரமாகியது,VERB
அகங்காரம்,NOUN
முக்குணங்களாக,ADV
மாறி,NOUN
அவை,NOUN
ஒன்றுடன்,NOUN
ஒன்று,NUM
முரண்பட்டன,VERB
பிரபஞ்சப்பேரியக்கம்,NOUN
தொடங்கியது,VERB
என்றார்,VERB
ஆஸ்திகன்,NOUN
திரும்பி,NOUN
ஜனமேஜயரிடம்,NOUN
மாமன்னரே,NOUN
சத்வ,NOUN
ரஜோ,NOUN
தமோ,NOUN
குணங்களுடன்,NOUN
இப்புடவி,NOUN
பிறந்து,VERB
வந்தது,VERB
அவை,NOUN
சமநிலையில்,NOUN
இருப்பதன்,NOUN
பெயரே,VERB
முழுமை,VERB
ஒன்று,NUM
அழிந்தால்கூட,NOUN
அனைத்தும்,PRON
சிதறி,VERB
மறையும்,VERB
நீங்கள்,PRON
சத்வகுணத்தைத்,NOUN
தவிர,ADP
பிறவற்றை,NOUN
அழிக்க,VERB
நினைத்தீர்கள்,VERB
அதன்,NOUN
வழியாக,ADP
இவ்வுலகையே,VERB
அழிக்கவிருந்தீர்கள்,VERB
அதைத்,NOUN
தடுத்து,VERB
நிறுத்துவதற்காகவே,NOUN
நான்,PRON
தட்சனின்,NOUN
உயிரை,NOUN
கோரிப்பெற்றேன்,VERB
என்றான்,VERB
ஜனமேஜயன்,NOUN
சினத்துடன்,NOUN
நீங்கள்,PRON
சொல்லும்,ADJ
தரிசனத்தை,VERB
நானறியமாட்டேன்,VERB
நான்,PRON
கற்ற,ADJ
வேதாந்தம்,NOUN
அதைச்,NOUN
சொல்லவில்லைஆஸ்திகரே,NOUN
நீங்கள்,PRON
தப்பவிட்டது,VERB
இருட்டை,VERB
தீமையை,VERB
என்றார்,VERB
ஆஸ்திகன்,NOUN
உறுதியான,ADJ
குரலில்,NOUN
இச்சை,NOUN
தீமையல்ல,NOUN
மாமன்னரே,NOUN
அதன்,NOUN
மறுபக்கத்தால்,VERB
சமன்செய்யப்படாத,ADJ
நிலையிலேயே,NOUN
அது,PRON
அழிவுச்சக்தியாகிறது,VERB
இச்சை,NOUN
எஞ்சியிராத,ADJ
உலகத்தில்,NOUN
படைப்பு,VERB
நிகழ்வதில்லை,VERB
அது,PRON
மட்கிக்கொண்டிருக்கும்,ADJ
பொருள்,VERB
என்றான்,VERB
ஜனமேஜயன்,NOUN
வியாசரை,NOUN
நோக்கி,NOUN
பிதாமகரே,NOUN
நீங்கள்தான்,PROPN
எனக்கு,PRON
வழிகாட்டவேண்டும்,ADJ
என்று,PART
இருகைகளையும்,VERB
விரித்தார்,VERB
வியாசர்,NOUN
தன்,NOUN
முன்,ADV
கிடந்த,ADJ
தட்சனை,NOUN
நோக்கி,NOUN
கையை,AUX
நீட்டினார்,VERB
ஆசியளிக்கக்,ADV
குவிந்த,ADJ
கைபோன்ற,ADJ
கரிய,ADJ
படம்,NOUN
விரித்து,_
தட்சன்,NOUN
அவர்,PRON
முன்,ADV
எழுந்து,VERB
நின்றான்,VERB
நீ,NOUN
இல்லையேல்,NOUN
என்,PRON
காவியமில்லை,VERB
இம்மண்ணில்,NOUN
வாழ்வும்,_
இன்பமும்,VERB
இல்லை,AUX
உனது,NOUN
தர்மத்தை,NOUN
நீ,AUX
செய்வாயாக,VERB
உன்,NOUN
குலம்,NOUN
முடிவிலாது,VERB
பெருகட்டும்,VERB
இவ்வுலகமெங்கும்,ADJ
காமமும்,_
அகங்காரமும்,_
பொலியச்செய்வாயாக,VERB
ஆம்,AUX
அவ்வாறே,NOUN
ஆகுக,NOUN
என,PART
மகாவியாசர்,VERB
ஆசீர்வதித்தார்,VERB
தட்சன்,NOUN
பின்னகர்ந்து,_
நெளிந்து,_
தன்,NOUN
வளையை,VERB
நோக்கிச்சென்றான்,VERB
அவனும்,ADJ
துணைவியும்,ADJ
மண்ணுக்குள்,VERB
மறைந்தனர்,VERB
வியாசர்,NOUN
திகைத்து,_
நின்ற,ADJ
ஜனமேஜயனை,NOUN
நோக்கித்,VERB
திரும்பினார்,VERB
குழந்தை,NOUN
உன்னால்,NOUN
இப்போது,ADV
புரிந்துகொள்ளமுடியாது,VERB
என்றார்,VERB
நான்,PRON
புரிந்துகொள்ளவே,NOUN
இருநூறாண்டுகால,NOUN
வாழ்க்கை,VERB
தேவையாகியிருக்கிறது,VERB
என்றபின்,NOUN
வைசம்பாயனரே,VERB
என்றார்,VERB
வைசம்பாயனர்,VERB
வந்து,AUX
வணங்கி,VERB
நின்றார்,VERB
என்,PRON
காவியத்தைப்,NOUN
பாடுங்கள்,NOUN
என்று,PART
வியாசர்,VERB
ஆணையிட்டார்,VERB
எந்தப்,NOUN
பகுதியை,NOUN
என்று,PART
வைசம்பாயனர்,VERB
கேட்டார்,VERB
கதையின்,NOUN
தொடக்கம்,NOUN
ஆசிரியனின்,NOUN
அகங்காரத்தில்,NOUN
அல்லவா,NOUN
என்னிடமிருந்து,_
அதைத்,NOUN
தொடங்குக,NOUN
என்றார்,VERB
வியாசர்,VERB
என்,PRON
அகங்காரம்,NOUN
திரண்டு,NOUN
முதிர்ந்து,_
முத்தாகி,NOUN
உதிர்ந்த,ADJ
ஒரு,VERB
தருணம்,VERB
அந்த,DET
விதை,NOUN
முளைத்த,ADJ
வனம்தான்,VERB
குருஷேத்ரமாகியது,VERB
வைசம்பாயனர்,NOUN
சுவடியைப்,VERB
பிரித்தார்,VERB
அனுஷ்டுப்பு,NOUN
சந்தத்தில்,NOUN
பதினெட்டு,PROPN
பர்வங்களாக,ADV
இயற்றப்பட்டிருந்த,ADJ
பெருங்காவியத்தின்,NOUN
பெயர்,VERB
ஸ்ரீஜய,VERB
அச்சுவடியை,NOUN
தன்,NOUN
தலைமேல்,NOUN
வைத்து,VERB
வணங்கிய,ADJ
வைசம்பாயனர்,NOUN
ஓங்கிய,ADJ
குரலில்,VERB
பாடினார்,VERB
நீரெனில்,NOUN
கடல்,NOUN
ஒளியெனில்,NOUN
சூரியன்,NOUN
இறையெனில்,NOUN
பிரம்மம்,NOUN
சொல்லெனில்,NOUN
வியாசனின்,VERB
சொல்லேயாகும்,VERB
அது,PRON
அழியாது,VERB
வாழ்க,VERB
ஆம்,AUX
ஆம்,AUX
ஆம்,AUX
என்று,PART
அவை,AUX
ஆர்ப்பரித்தது,VERB
வைசம்பாயனர்,NOUN
மனுக்குலம்,NOUN
அடைந்த,ADJ
முதற்பெரும்,ADJ
நூலின்,NOUN
வரிகளை,NOUN
பாட,AUX
ஆரம்பித்தார்,VERB
